"","ano","regiao","estado","estacao","qtd"
"1","2018","CO","DF","BRASILIA","8760"
"2","2018","CO","DF","BRAZLANDIA","8760"
"3","2018","CO","DF","AGUAS EMENDADAS","8760"
"4","2018","CO","DF","GAMA (PONTE ALTA)","8760"
"5","2018","CO","DF","PARANOA (COOPA-DF)","8760"
"6","2018","CO","GO","GOIANIA","8760"
"7","2018","CO","GO","MORRINHOS","8760"
"8","2018","CO","GO","PORANGATU","2640"
"9","2018","CO","GO","SAO SIMAO","8760"
"10","2018","CO","GO","LUZIANIA","8760"
"11","2018","CO","GO","ARAGARCAS","8760"
"12","2018","CO","GO","GOIAS","8760"
"13","2018","CO","GO","ITAPACI","8760"
"14","2018","CO","GO","JATAI","8760"
"15","2018","CO","GO","POSSE","8760"
"16","2018","CO","GO","GOIANESIA","8760"
"17","2018","CO","GO","CAIAPONIA","8760"
"18","2018","CO","GO","ALTO PARAISO DE GOIAS","8760"
"19","2018","CO","GO","RIO VERDE","8760"
"20","2018","CO","GO","MINEIROS","8760"
"21","2018","CO","GO","PARAUNA","8760"
"22","2018","CO","GO","IPORA","8760"
"23","2018","CO","GO","EDEIA","8760"
"24","2018","CO","GO","SAO MIGUEL DO ARAGUAIA","8760"
"25","2018","CO","GO","MONTE ALEGRE DE GOIAS","8760"
"26","2018","CO","GO","PIRES DO RIO","8760"
"27","2018","CO","GO","CATALAO","8760"
"28","2018","CO","GO","ITUMBIARA","8760"
"29","2018","CO","GO","CRISTALINA","8760"
"30","2018","CO","GO","SILVANIA","8760"
"31","2018","CO","GO","CRISTALINA (FAZENDA SANTA MONICA)","8184"
"32","2018","CO","MS","CAMPO GRANDE","8760"
"33","2018","CO","MS","PONTA PORA","8760"
"34","2018","CO","MS","TRES LAGOAS","8760"
"35","2018","CO","MS","IVINHEMA","8760"
"36","2018","CO","MS","PARANAIBA","8760"
"37","2018","CO","MS","NHUMIRIM","8760"
"38","2018","CO","MS","AQUIDAUANA","8760"
"39","2018","CO","MS","COXIM","8760"
"40","2018","CO","MS","DOURADOS","8760"
"41","2018","CO","MS","MIRANDA","8760"
"42","2018","CO","MS","PORTO MURTINHO","8760"
"43","2018","CO","MS","CORUMBA","8760"
"44","2018","CO","MS","CHAPADAO DO SUL","8760"
"45","2018","CO","MS","MARACAJU","8760"
"46","2018","CO","MS","SAO GABRIEL DO OESTE","8760"
"47","2018","CO","MS","CASSILANDIA","8760"
"48","2018","CO","MS","RIO BRILHANTE","8760"
"49","2018","CO","MS","JUTI","8760"
"50","2018","CO","MS","AMAMBAI","8760"
"51","2018","CO","MS","SETE QUEDAS","8760"
"52","2018","CO","MS","ITAQUIRAI","8760"
"53","2018","CO","MS","SIDROLANDIA","8760"
"54","2018","CO","MS","AGUA CLARA","8760"
"55","2018","CO","MS","BELA VISTA","8760"
"56","2018","CO","MS","JARDIM","8760"
"57","2018","CO","MS","BATAGUASSU","8760"
"58","2018","CO","MS","COSTA RICA","8760"
"59","2018","CO","MS","SONORA","8760"
"60","2018","CO","MS","ANGELICA","6408"
"61","2018","CO","MS","ARAL MOREIRA","6312"
"62","2018","CO","MS","BANDEIRANTES","8088"
"63","2018","CO","MS","BONITO","3552"
"64","2018","CO","MS","BRASILANDIA","6480"
"65","2018","CO","MS","CAARAPO","7296"
"66","2018","CO","MS","CAMAPUA","7584"
"67","2018","CO","MS","FATIMA DO SUL","7368"
"68","2018","CO","MS","IGUATEMI","7584"
"69","2018","CO","MS","ITAPORA","7416"
"70","2018","CO","MS","LAGUNA CARAPA","6336"
"71","2018","CO","MS","NOVA ALVORADA DO SUL","7488"
"72","2018","CO","MS","NOVA ANDRADINA","6408"
"73","2018","CO","MS","PEDRO GOMES","7992"
"74","2018","CO","MS","RIBAS DO RIO PARDO","8352"
"75","2018","CO","MS","SANTA RITA DO PARDO","7584"
"76","2018","CO","MS","SELVIRIA","6504"
"77","2018","CO","MT","CUIABA","8760"
"78","2018","CO","MT","TANGARA DA SERRA","8760"
"79","2018","CO","MT","S.J. DO RIO CLARO","8760"
"80","2018","CO","MT","SORRISO","8760"
"81","2018","CO","MT","CAMPO NOVO DOS PARECIS","8760"
"82","2018","CO","MT","GUARANTA DO NORTE","8760"
"83","2018","CO","MT","RONDONOPOLIS","8760"
"84","2018","CO","MT","AGUA BOA","8760"
"85","2018","CO","MT","ALTO ARAGUAIA","8760"
"86","2018","CO","MT","APIACAS","8760"
"87","2018","CO","MT","SAPEZAL","8760"
"88","2018","CO","MT","CAMPO VERDE","8760"
"89","2018","CO","MT","COMODORO","8760"
"90","2018","CO","MT","JUARA","8760"
"91","2018","CO","MT","PARANATINGA","8760"
"92","2018","CO","MT","QUERENCIA","8760"
"93","2018","CO","MT","SINOP","8760"
"94","2018","CO","MT","COTRIGUACU","8760"
"95","2018","CO","MT","JUINA","8760"
"96","2018","CO","MT","SAO FELIX  DO ARAGUAIA","8760"
"97","2018","CO","MT","VILA BELA DA SANTISSIMA TRINDADE","8760"
"98","2018","CO","MT","PRIMAVERA DO LESTE","8760"
"99","2018","CO","MT","ALTA FLORESTA","8760"
"100","2018","CO","MT","CARLINDA","8760"
"101","2018","CO","MT","BRASNORTE (MUNDO NOVO)","8760"
"102","2018","CO","MT","NOVA MARINGA","8760"
"103","2018","CO","MT","NOVA UBIRATA","8760"
"104","2018","CO","MT","GAUCHA DO NORTE","8760"
"105","2018","CO","MT","SANTO ANTONIO DO LESTE","8760"
"106","2018","CO","MT","GUIRATINGA","8760"
"107","2018","CO","MT","ITIQUIRA","8760"
"108","2018","CO","MT","ALTO TAQUARI","8760"
"109","2018","CO","MT","PORTO ESTRELA","8760"
"110","2018","CO","MT","SALTO DO CEU","8760"
"111","2018","CO","MT","PONTES E LACERDA","8760"
"112","2018","CO","MT","CACERES","8760"
"113","2018","N","AC","PARQUE ESTADUAL CHANDLESS","8760"
"114","2018","N","AC","RIO BRANCO","8760"
"115","2018","N","AC","CRUZEIRO DO SUL","8760"
"116","2018","N","AC","PORTO WALTER","8760"
"117","2018","N","AC","MARECHAL THAUMATURGO","8760"
"118","2018","N","AC","FEIJO","8760"
"119","2018","N","AC","EPITACIOLANDIA","8760"
"120","2018","N","AM","MANAUS","8760"
"121","2018","N","AM","EIRUNEPE","8760"
"122","2018","N","AM","BOCA DO ACRE","8760"
"123","2018","N","AM","LABREA","8760"
"124","2018","N","AM","HUMAITA","8760"
"125","2018","N","AM","APUI","8760"
"126","2018","N","AM","COARI","8760"
"127","2018","N","AM","MANACAPURU","8760"
"128","2018","N","AM","AUTAZES","8760"
"129","2018","N","AM","ITACOATIARA","8760"
"130","2018","N","AM","MAUES","8760"
"131","2018","N","AM","PARINTINS","8760"
"132","2018","N","AM","URUCARA","8760"
"133","2018","N","AM","RIO URUBU","8760"
"134","2018","N","AM","PRESIDENTE FIGUEIREDO","8760"
"135","2018","N","AM","BARCELOS","8760"
"136","2018","N","AM","MANICORE","8760"
"137","2018","N","AM","S. G. DA CACHOEIRA","8760"
"138","2018","N","AM","PEF IPIRANGA","8760"
"139","2018","N","AM","CRMN MANAUS","8760"
"140","2018","N","AM","DTCEA TABATINGA","8760"
"141","2018","N","AM","PEF YAUARETE","8760"
"142","2018","N","AM","PEF ESTIRAO DO EQUADOR","8760"
"143","2018","N","AM","DTCEA TEFE","8760"
"144","2018","N","AM","SANTA ISABEL DO RIO NEGRO","8760"
"145","2018","N","AP","OIAPOQUE","8760"
"146","2018","N","AP","MACAPA","8760"
"147","2018","N","AP","ITAUBAL","8760"
"148","2018","N","PA","BELEM","8760"
"149","2018","N","PA","CASTANHAL","8760"
"150","2018","N","PA","MEDICILANDIA","8760"
"151","2018","N","PA","PACAJA","8760"
"152","2018","N","PA","PLACAS","8760"
"153","2018","N","PA","PARAGOMINAS","8760"
"154","2018","N","PA","TOME ACU","8760"
"155","2018","N","PA","RONDON DO PARA","8760"
"156","2018","N","PA","SALINOPOLIS","8760"
"157","2018","N","PA","SAO FELIX DO XINGU","8760"
"158","2018","N","PA","BRAGANCA","8760"
"159","2018","N","PA","SOURE","8760"
"160","2018","N","PA","BREVES","8760"
"161","2018","N","PA","TUCURUI","8760"
"162","2018","N","PA","SERRA DOS CARAJAS","8760"
"163","2018","N","PA","ITAITUBA","8760"
"164","2018","N","PA","OBIDOS","8760"
"165","2018","N","PA","SANTANA DO ARAGUAIA","8760"
"166","2018","N","PA","TUCUMA","8760"
"167","2018","N","PA","NOVO REPARTIMENTO","8760"
"168","2018","N","PA","CAMETA","8760"
"169","2018","N","PA","MONTE ALEGRE","8760"
"170","2018","N","PA","MARABA","8760"
"171","2018","N","PA","CONCEICAO DO ARAGUAIA","8760"
"172","2018","N","PA","MINA DO PALITO","8760"
"173","2018","N","PA","XINGUARA","8760"
"174","2018","N","PA","CAPITAO POCO","8760"
"175","2018","N","PA","SANTAREM","8760"
"176","2018","N","PA","DOM ELISEU","7176"
"177","2018","N","PA","ALTAMIRA","1632"
"178","2018","N","PA","DOM ELISEU","8760"
"179","2018","N","PA","ULIANOPOLIS","8760"
"180","2018","N","PA","DTCEA JACAREACANGA","8760"
"181","2018","N","RO","PORTO VELHO","8760"
"182","2018","N","RO","VILHENA","8760"
"183","2018","N","RO","CACOAL","8760"
"184","2018","N","RO","ARIQUEMES","8760"
"185","2018","N","RO","FORTE PRINCIPE","8760"
"186","2018","N","RO","DTCEA VILHENA","8760"
"187","2018","N","RO","DTCEA GUAJARA-MIRIM","8760"
"188","2018","N","RR","BOA VISTA","8760"
"189","2018","N","RR","BALIZA","8760"
"190","2018","N","RR","PACARAIMA","8760"
"191","2018","N","TO","PALMAS","8760"
"192","2018","N","TO","PARANA","8760"
"193","2018","N","TO","PEIXE","8760"
"194","2018","N","TO","GURUPI","8760"
"195","2018","N","TO","PEDRO AFONSO","8760"
"196","2018","N","TO","ARAGUAINA","8760"
"197","2018","N","TO","DIANOPOLIS","8760"
"198","2018","N","TO","FORMOSO DO ARAGUAIA","8760"
"199","2018","N","TO","MATEIROS","8760"
"200","2018","N","TO","MARIANOPOLIS DO TO","8760"
"201","2018","N","TO","CAMPOS LINDOS","8760"
"202","2018","N","TO","ARAGUATINS","8760"
"203","2018","N","TO","SANTA FE DO ARAGUAIA","8760"
"204","2018","N","TO","COLINAS DO TOCANTINS","8760"
"205","2018","N","TO","RIO SONO","8760"
"206","2018","N","TO","PIUM","8760"
"207","2018","N","TO","SANTA ROSA DO TOCANTINS","8760"
"208","2018","N","TO","ALMAS","8760"
"209","2018","N","TO","ARAGUACU","8760"
"210","2018","N","TO","LAGOA DA CONFUSAO","8760"
"211","2018","NE","AL","MACEIO","8760"
"212","2018","NE","AL","PAO DE ACUCAR","8760"
"213","2018","NE","AL","PALMEIRA DOS INDIOS","8760"
"214","2018","NE","AL","ARAPIRACA","8760"
"215","2018","NE","AL","CORURIPE","8760"
"216","2018","NE","AL","SAO LUIS DO QUITUNDE","8760"
"217","2018","NE","AL","PIRANHAS","8760"
"218","2018","NE","BA","SALVADOR","8760"
"219","2018","NE","BA","BARREIRAS","8760"
"220","2018","NE","BA","LUIZ EDUARDO MAGALHAES","8760"
"221","2018","NE","BA","CARAVELAS","8760"
"222","2018","NE","BA","CRUZ DAS ALMAS","8760"
"223","2018","NE","BA","ITIRUCU","8760"
"224","2018","NE","BA","ITABERABA","8760"
"225","2018","NE","BA","ILHEUS","8760"
"226","2018","NE","BA","MACAJUBA","8760"
"227","2018","NE","BA","FEIRA DE SANTANA","8760"
"228","2018","NE","BA","VITORIA DA CONQUISTA","8760"
"229","2018","NE","BA","SANTA RITA DE CASSIA","8760"
"230","2018","NE","BA","CORRENTINA","8760"
"231","2018","NE","BA","BOM JESUS DA LAPA","8760"
"232","2018","NE","BA","ABROLHOS","8760"
"233","2018","NE","BA","REMANSO","8760"
"234","2018","NE","BA","IRECE","8760"
"235","2018","NE","BA","LENCOIS","8760"
"236","2018","NE","BA","GUANAMBI","8760"
"237","2018","NE","BA","PORTO SEGURO","8760"
"238","2018","NE","BA","SENHOR DO BONFIM","8760"
"239","2018","NE","BA","BARRA","8760"
"240","2018","NE","BA","PIATA","8760"
"241","2018","NE","BA","CONDE","8760"
"242","2018","NE","BA","BURITIRAMA","8760"
"243","2018","NE","BA","BRUMADO","8760"
"244","2018","NE","BA","AMARGOSA","8760"
"245","2018","NE","BA","UAUA","8760"
"246","2018","NE","BA","QUEIMADAS","8760"
"247","2018","NE","BA","UNA","8760"
"248","2018","NE","BA","MARAU","8760"
"249","2018","NE","BA","IBOTIRAMA","8760"
"250","2018","NE","BA","JACOBINA","8760"
"251","2018","NE","BA","SERRINHA","8760"
"252","2018","NE","BA","EUCLIDES DA CUNHA","8760"
"253","2018","NE","BA","DELFINO","8760"
"254","2018","NE","BA","VALENCA","8760"
"255","2018","NE","BA","IPIAU","8760"
"256","2018","NE","BA","ITAPETINGA","8760"
"257","2018","NE","BA","BELMONTE","8760"
"258","2018","NE","BA","CURACA","8760"
"259","2018","NE","BA","PILAO ARCADO","8760"
"260","2018","NE","BA","JEREMOABO","8760"
"261","2018","NE","BA","FORMOSO DO RIO PRETO","8760"
"262","2018","NE","BA","MACAUBAS","8760"
"263","2018","NE","BA","ITAMARAJU","8760"
"264","2018","NE","BA","SALVADOR (RADIO FAROL)","7128"
"265","2018","NE","BA","RIBEIRA DO AMPARO","2472"
"266","2018","NE","CE","FORTALEZA","8760"
"267","2018","NE","CE","SOBRAL","8760"
"268","2018","NE","CE","GUARAMIRANGA","8760"
"269","2018","NE","CE","BARBALHA","8760"
"270","2018","NE","CE","IGUATU","8760"
"271","2018","NE","CE","TAUA","8760"
"272","2018","NE","CE","QUIXERAMOBIM","8760"
"273","2018","NE","CE","MORADA NOVA","8760"
"274","2018","NE","CE","JAGUARUANA","8760"
"275","2018","NE","CE","CRATEUS","8760"
"276","2018","NE","CE","CAMPOS SALES","8760"
"277","2018","NE","CE","JAGUARIBE","8760"
"278","2018","NE","CE","ITAPIPOCA","8760"
"279","2018","NE","CE","ACARAU","8760"
"280","2018","NE","CE","TIANGUA","7008"
"281","2018","NE","CE","QUIXADA","6888"
"282","2018","NE","MA","SAO LUIS","8760"
"283","2018","NE","MA","BALSAS","8760"
"284","2018","NE","MA","CAROLINA","8760"
"285","2018","NE","MA","CHAPADINHA","8760"
"286","2018","NE","MA","GRAJAU","8760"
"287","2018","NE","MA","FAROL de SANTANA","8760"
"288","2018","NE","MA","PREGUICAS","8760"
"289","2018","NE","MA","TURIACU","8760"
"290","2018","NE","MA","BACABAL","8760"
"291","2018","NE","MA","BARRA DO CORDA","8760"
"292","2018","NE","MA","COLINAS","8760"
"293","2018","NE","MA","ALTO PARNAIBA","8760"
"294","2018","NE","MA","ESTREITO","8760"
"295","2018","NE","MA","IMPERATRIZ","8760"
"296","2018","NE","MA","CAXIAS","8760"
"297","2018","NE","MA","BURITICUPU","8760"
"298","2018","NE","MA","SAO BENTO","8760"
"299","2018","NE","PB","AREIA","8760"
"300","2018","NE","PB","CAMPINA GRANDE","8760"
"301","2018","NE","PB","JOAO PESSOA","8760"
"302","2018","NE","PB","PATOS","8760"
"303","2018","NE","PB","SAO GONCALO","8760"
"304","2018","NE","PB","MONTEIRO","8760"
"305","2018","NE","PB","CABACEIRAS","8760"
"306","2018","NE","PB","CAMARATUBA","8760"
"307","2018","NE","PB","ITAPORANGA","8760"
"308","2018","NE","PE","RECIFE","8760"
"309","2018","NE","PE","PETROLINA","8760"
"310","2018","NE","PE","ARCO VERDE","8760"
"311","2018","NE","PE","GARANHUNS","8760"
"312","2018","NE","PE","SURUBIM","8760"
"313","2018","NE","PE","CABROBO","8760"
"314","2018","NE","PE","CARUARU","8760"
"315","2018","NE","PE","IBIMIRIM","8760"
"316","2018","NE","PE","SERRA TALHADA","8760"
"317","2018","NE","PE","FLORESTA","8760"
"318","2018","NE","PE","PALMARES","8760"
"319","2018","NE","PE","OURICURI","8760"
"320","2018","NE","PE","SALGUEIRO","8760"
"321","2018","NE","PI","PARNAIBA","8760"
"322","2018","NE","PI","FLORIANO","8760"
"323","2018","NE","PI","TERESINA","8760"
"324","2018","NE","PI","BOM JESUS DO PIAUI","8760"
"325","2018","NE","PI","PAULISTANA","8760"
"326","2018","NE","PI","SAO JOAO DO PIAUI","8760"
"327","2018","NE","PI","PIRIPIRI","8760"
"328","2018","NE","PI","ALVORADA DO GURGUEIA","8760"
"329","2018","NE","PI","CARACOL","8760"
"330","2018","NE","PI","PICOS","8760"
"331","2018","NE","PI","SAO RAIMUNDO NONATO","8760"
"332","2018","NE","PI","URUCUI","8760"
"333","2018","NE","PI","OEIRAS","8760"
"334","2018","NE","PI","CASTELO DO PIAUI","8760"
"335","2018","NE","PI","SAO PEDRO DO PIAUI","8760"
"336","2018","NE","PI","VALENCA DO PIAUI","8760"
"337","2018","NE","PI","GILBUES","8760"
"338","2018","NE","PI","CANTO DO BURITI","8760"
"339","2018","NE","PI","CORRENTE","6696"
"340","2018","NE","PI","BAIXA GRANDE DO RIBEIRO","6816"
"341","2018","NE","PI","CAMPO MAIOR","936"
"342","2018","NE","RN","ARQ.SAO PEDRO E SAO PAULO","8760"
"343","2018","NE","RN","NATAL","8760"
"344","2018","NE","RN","CAICO","8760"
"345","2018","NE","RN","MACAU","8760"
"346","2018","NE","RN","MOSSORO","8760"
"347","2018","NE","RN","APODI","8760"
"348","2018","NE","RN","CALCANHAR","8760"
"349","2018","NE","RN","SANTA CRUZ","8760"
"350","2018","NE","RN","IPANGUACU","8760"
"351","2018","NE","SE","ARACAJU","8760"
"352","2018","NE","SE","ITABAIANINHA","8760"
"353","2018","NE","SE","POCO VERDE","8760"
"354","2018","NE","SE","CARIRA","8760"
"355","2018","NE","SE","BREJO GRANDE","8760"
"356","2018","NE","SE","ITABAIANA","8760"
"357","2018","NE","SE","NOSSA SENHORA DA GLORIA","8760"
"358","2018","S","PR","CURITIBA","8760"
"359","2018","S","PR","IVAI","8760"
"360","2018","S","PR","CASTRO","8760"
"361","2018","S","PR","MAL. CANDIDO RONDON","8760"
"362","2018","S","PR","JOAQUIM TAVORA","8760"
"363","2018","S","PR","NOVA TEBAS","8760"
"364","2018","S","PR","INACIO MARTINS","8760"
"365","2018","S","PR","ICARAIMA","8760"
"366","2018","S","PR","MARINGA","8760"
"367","2018","S","PR","NOVA FATIMA","8760"
"368","2018","S","PR","DOIS VIZINHOS","8760"
"369","2018","S","PR","FOZ DO IGUACU","8760"
"370","2018","S","PR","ILHA DO MEL","8760"
"371","2018","S","PR","DIAMANTE DO NORTE","8760"
"372","2018","S","PR","PARANAPOEMA","8760"
"373","2018","S","PR","PLANALTO","8760"
"374","2018","S","PR","CIDADE GAUCHA","8760"
"375","2018","S","PR","JAPIRA","8760"
"376","2018","S","PR","VENTANIA","8760"
"377","2018","S","PR","MORRETES","8760"
"378","2018","S","PR","SAO MATEUS DO SUL","8760"
"379","2018","S","PR","GENERAL CARNEIRO","8760"
"380","2018","S","PR","CLEVELANDIA","8760"
"381","2018","S","PR","CAMPINA DA LAGOA","8760"
"382","2018","S","PR","LARANJEIRAS DO SUL","8760"
"383","2018","S","PR","COLOMBO","8760"
"384","2018","S","RS","PORTO ALEGRE","8760"
"385","2018","S","RS","RIO GRANDE","8760"
"386","2018","S","RS","SANTA MARIA","8760"
"387","2018","S","RS","SANTANA DO LIVRAMENTO","8760"
"388","2018","S","RS","SANTO AUGUSTO","8760"
"389","2018","S","RS","TORRES","8760"
"390","2018","S","RS","URUGUAIANA","8760"
"391","2018","S","RS","SANTA ROSA","8760"
"392","2018","S","RS","CANGUCU","8760"
"393","2018","S","RS","CACAPAVA DO SUL","8760"
"394","2018","S","RS","RIO PARDO","8760"
"395","2018","S","RS","ALEGRETE","8760"
"396","2018","S","RS","BAGE","8760"
"397","2018","S","RS","ERECHIM","8760"
"398","2018","S","RS","SAO JOSE DOS AUSENTES","8760"
"399","2018","S","RS","SAO BORJA","8760"
"400","2018","S","RS","QUARAI","8760"
"401","2018","S","RS","SAO GABRIEL","8760"
"402","2018","S","RS","SANTIAGO","8760"
"403","2018","S","RS","TRAMANDAI","8760"
"404","2018","S","RS","JAGUARAO","8760"
"405","2018","S","RS","SOLEDADE","8760"
"406","2018","S","RS","CAMAQUA","8760"
"407","2018","S","RS","PASSO FUNDO","8760"
"408","2018","S","RS","BENTO GONCALVES","8760"
"409","2018","S","RS","LAGOA VERMELHA","8760"
"410","2018","S","RS","SAO LUIZ GONZAGA","8760"
"411","2018","S","RS","CRUZ ALTA","8760"
"412","2018","S","RS","FREDERICO WESTPHALEN","8760"
"413","2018","S","RS","PALMEIRA DAS MISSOES","8760"
"414","2018","S","RS","MOSTARDAS","8760"
"415","2018","S","RS","CANELA","8760"
"416","2018","S","RS","VACARIA","8760"
"417","2018","S","RS","DOM PEDRITO","8760"
"418","2018","S","RS","TEUTONIA","8760"
"419","2018","S","RS","IBIRUBA","8760"
"420","2018","S","RS","CAMPO BOM","8760"
"421","2018","S","RS","TUPANCIRETA","8760"
"422","2018","S","RS","SAO VICENTE DO SUL","8760"
"423","2018","S","RS","ENCRUZILHADA DO SUL","7008"
"424","2018","S","RS","SERAFINA CORREA","8760"
"425","2018","S","RS","CAMBARA DO SUL","8760"
"426","2018","S","RS","Santa Vitoria do Palmar - Barra do Chui","8760"
"427","2018","S","SC","FLORIANOPOLIS","8760"
"428","2018","S","SC","URUSSANGA","8760"
"429","2018","S","SC","SAO JOAQUIM","8760"
"430","2018","S","SC","NOVO HORIZONTE","8760"
"431","2018","S","SC","INDAIAL","8760"
"432","2018","S","SC","JOACABA","8760"
"433","2018","S","SC","BOM JARDIM DA SERRA - MORRO DA IGREJA","8760"
"434","2018","S","SC","DIONISIO CERQUEIRA","8760"
"435","2018","S","SC","ITAPOA","8760"
"436","2018","S","SC","SAO MIGUEL DO OESTE","8760"
"437","2018","S","SC","XANXERE","8760"
"438","2018","S","SC","CACADOR","8760"
"439","2018","S","SC","CURITIBANOS","8760"
"440","2018","S","SC","RIO DO CAMPO","8760"
"441","2018","S","SC","RIO NEGRINHO","8760"
"442","2018","S","SC","ITUPORANGA","8760"
"443","2018","S","SC","MAJOR VIEIRA","8760"
"444","2018","S","SC","LAGES","8760"
"445","2018","S","SC","Laguna  - Farol de Santa Marta","8760"
"446","2018","S","SC","ARARANGUA","8760"
"447","2018","S","SC","ITAJAI","8760"
"448","2018","S","SC","RANCHO QUEIMADO","8760"
"449","2018","SE","ES","VITORIA","8760"
"450","2018","SE","ES","SANTA TERESA","8760"
"451","2018","SE","ES","LINHARES","8760"
"452","2018","SE","ES","ALFREDO CHAVES","8760"
"453","2018","SE","ES","SAO MATEUS","8760"
"454","2018","SE","ES","ALEGRE","8760"
"455","2018","SE","ES","PRES. KENNEDY","8760"
"456","2018","SE","ES","NOVA VENECIA","8760"
"457","2018","SE","ES","ECOPORANGA","8760"
"458","2018","SE","ES","MARILANDIA","8760"
"459","2018","SE","ES","VENDA NOVA DO IMIGRANTE","8760"
"460","2018","SE","ES","VILA VELHA","8760"
"461","2018","SE","ES","AFONSO CLAUDIO","8760"
"462","2018","SE","MG","BARBACENA","8760"
"463","2018","SE","MG","ARAXA","8760"
"464","2018","SE","MG","MONTES CLAROS","8760"
"465","2018","SE","MG","UBERLANDIA","8760"
"466","2018","SE","MG","ALMENARA","8760"
"467","2018","SE","MG","MONTE VERDE","8760"
"468","2018","SE","MG","VICOSA","8760"
"469","2018","SE","MG","TIMOTEO","8760"
"470","2018","SE","MG","ITUIUTABA","8760"
"471","2018","SE","MG","OURO BRANCO","8760"
"472","2018","SE","MG","SAO JOAO DEL REI","8760"
"473","2018","SE","MG","VARGINHA","8760"
"474","2018","SE","MG","PASSOS","8760"
"475","2018","SE","MG","MURIAE","8760"
"476","2018","SE","MG","JUIZ DE FORA","8760"
"477","2018","SE","MG","CAMPINA VERDE","8760"
"478","2018","SE","MG","CONCEICAO DAS ALAGOAS","8760"
"479","2018","SE","MG","PAMPULHA","8760"
"480","2018","SE","MG","SERRA DOS AIMORES","8760"
"481","2018","SE","MG","PATROCINIO","8760"
"482","2018","SE","MG","FORMIGA","8760"
"483","2018","SE","MG","SACRAMENTO","8760"
"484","2018","SE","MG","MONTALVANIA","8760"
"485","2018","SE","MG","TEOFILO OTONI","8760"
"486","2018","SE","MG","TRES MARIAS","8760"
"487","2018","SE","MG","PASSA QUATRO","8760"
"488","2018","SE","MG","CALDAS","8760"
"489","2018","SE","MG","MARIA DA FE","8760"
"490","2018","SE","MG","GOVERNADOR VALADARES","8760"
"491","2018","SE","MG","GUANHAES","8760"
"492","2018","SE","MG","AIMORES","8760"
"493","2018","SE","MG","FLORESTAL","8760"
"494","2018","SE","MG","DORES DO INDAIA","8760"
"495","2018","SE","MG","DIAMANTINA","8760"
"496","2018","SE","MG","CURVELO","8760"
"497","2018","SE","MG","MOCAMBINHO","8760"
"498","2018","SE","MG","MANTENA","8760"
"499","2018","SE","MG","CAPELINHA","8760"
"500","2018","SE","MG","UNAI","8760"
"501","2018","SE","MG","ESPINOSA","8760"
"502","2018","SE","MG","BURITIS","8760"
"503","2018","SE","MG","PIRAPORA","8760"
"504","2018","SE","MG","GUARDA-MOR","8760"
"505","2018","SE","MG","SAO ROMAO","8760"
"506","2018","SE","MG","CHAPADA GAUCHA","8760"
"507","2018","SE","MG","AGUAS VERMELHAS","8760"
"508","2018","SE","MG","ITAOBIM","8760"
"509","2018","SE","MG","RIO PARDO DE MINAS","8760"
"510","2018","SE","MG","SALINAS","8760"
"511","2018","SE","MG","JOAO PINHEIRO","8760"
"512","2018","SE","MG","CARATINGA","8760"
"513","2018","SE","MG","IBIRITE (ROLA MOCA)","8760"
"514","2018","SE","MG","MANHUACU","8760"
"515","2018","SE","MG","CORONEL PACHECO","8760"
"516","2018","SE","MG","JANUARIA","8760"
"517","2018","SE","MG","SAO SEBASTIAO DO PARAISO","8760"
"518","2018","SE","MG","PATOS DE MINAS","8760"
"519","2018","SE","MG","JANAUBA","8760"
"520","2018","SE","MG","DIVINOPOLIS","8760"
"521","2018","SE","MG","BAMBUI","8760"
"522","2018","SE","MG","ARACUAI","8760"
"523","2018","SE","MG","MACHADO","8760"
"524","2018","SE","MG","UBERABA","8760"
"525","2018","SE","MG","SETE LAGOAS","8760"
"526","2018","SE","MG","OLIVEIRA","8760"
"527","2018","SE","MG","PARACATU","6984"
"528","2018","SE","MG","BELO HORIZONTE - CERCADINHO","8760"
"529","2018","SE","MG","EB","8760"
"530","2018","SE","RJ","ECOLOGIA AGRICOLA","8760"
"531","2018","SE","RJ","MARAMBAIA","8760"
"532","2018","SE","RJ","XEREM","8760"
"533","2018","SE","RJ","CAMBUCI","8760"
"534","2018","SE","RJ","ARRAIAL DO CABO","8760"
"535","2018","SE","RJ","CAMPOS","8760"
"536","2018","SE","RJ","MACAE","8760"
"537","2018","SE","RJ","RESENDE","8760"
"538","2018","SE","RJ","PICO DO COUTO","8760"
"539","2018","SE","RJ","VALENCA","8760"
"540","2018","SE","RJ","TERESOPOLIS","8760"
"541","2018","SE","RJ","PARATI","8760"
"542","2018","SE","RJ","SAO TOME","8760"
"543","2018","SE","RJ","VILA MILITAR","8760"
"544","2018","SE","RJ","NOVA FRIBURGO","8760"
"545","2018","SE","RJ","TRES RIOS","8760"
"546","2018","SE","RJ","RIO CLARO","8760"
"547","2018","SE","RJ","NITEROI","4128"
"548","2018","SE","RJ","ANGRA DOS REIS","8760"
"549","2018","SE","RJ","CARMO","1968"
"550","2018","SE","RJ","SANTA MARIA MADALENA","1848"
"551","2018","SE","RJ","ITATIAIA","8760"
"552","2018","SE","RJ","RIO DE JANEIRO - JACAREPAGUA","8760"
"553","2018","SE","RJ","FORTE DE COPACABANA","8760"
"554","2018","SE","RJ","SILVA JARDIM","8760"
"555","2018","SE","RJ","SAQUAREMA","8760"
"556","2018","SE","SP","SAO PAULO - MIRANTE","8760"
"557","2018","SE","SP","BAURU","8760"
"558","2018","SE","SP","CAMPOS DO JORDAO","8760"
"559","2018","SE","SP","PRESIDENTE PRUDENTE","8760"
"560","2018","SE","SP","FRANCA","8760"
"561","2018","SE","SP","SAO CARLOS","8760"
"562","2018","SE","SP","IGUAPE","8760"
"563","2018","SE","SP","SOROCABA","8760"
"564","2018","SE","SP","ITAPEVA","8760"
"565","2018","SE","SP","SAO MIGUEL ARCANJO","8760"
"566","2018","SE","SP","OURINHOS","8760"
"567","2018","SE","SP","RANCHARIA","8760"
"568","2018","SE","SP","AVARE","8760"
"569","2018","SE","SP","PIRACICABA","8760"
"570","2018","SE","SP","LINS","8760"
"571","2018","SE","SP","TAUBATE","8760"
"572","2018","SE","SP","VOTUPORANGA","8760"
"573","2018","SE","SP","JALES","8760"
"574","2018","SE","SP","VALPARAISO","8760"
"575","2018","SE","SP","JOSE BONIFACIO","8760"
"576","2018","SE","SP","ARIRANHA","8760"
"577","2018","SE","SP","IBITINGA","8760"
"578","2018","SE","SP","CASA BRANCA","8760"
"579","2018","SE","SP","ITAPIRA","8760"
"580","2018","SE","SP","SAO LUIS DO PARAITINGA","8760"
"581","2018","SE","SP","BARRA BONITA","8760"
"582","2018","SE","SP","BRAGANCA PAULISTA","8760"
"583","2018","SE","SP","BARRA DO TURVO","8760"
"584","2018","SE","SP","PRADOPOLIS","8760"
"585","2018","SE","SP","BARRETOS","8760"
"586","2018","SE","SP","ITUVERAVA","8760"
"587","2018","SE","SP","BARUERI","8760"
"588","2018","SE","SP","DRACENA","8760"
"589","2018","SE","SP","MARILIA","8760"
"590","2018","SE","SP","BEBDOURO","8760"
"591","2018","SE","SP","BERTIOGA","8760"
"592","2018","SE","SP","REGISTRO","8760"
"593","2018","SE","SP","SAO SEBASTIAO","8760"
"594","2018","SE","SP","TUPA","8760"
"595","2018","SE","SP","CACHOEIRA PAULISTA","8760"
"596","2018","SE","SP","SAO PAULO - INTERLAGOS","7032"
"597","2019","CO","DF","BRASILIA","8760"
"598","2019","CO","DF","BRAZLANDIA","8760"
"599","2019","CO","DF","AGUAS EMENDADAS","8760"
"600","2019","CO","DF","GAMA (PONTE ALTA)","8760"
"601","2019","CO","DF","PARANOA (COOPA-DF)","8760"
"602","2019","CO","GO","GOIANIA","8760"
"603","2019","CO","GO","MORRINHOS","8760"
"604","2019","CO","GO","PORANGATU","8760"
"605","2019","CO","GO","SAO SIMAO","8760"
"606","2019","CO","GO","LUZIANIA","8760"
"607","2019","CO","GO","ARAGARCAS","8760"
"608","2019","CO","GO","GOIAS","8760"
"609","2019","CO","GO","ITAPACI","8760"
"610","2019","CO","GO","JATAI","8760"
"611","2019","CO","GO","POSSE","8760"
"612","2019","CO","GO","GOIANESIA","8760"
"613","2019","CO","GO","CAIAPONIA","8760"
"614","2019","CO","GO","ALTO PARAISO DE GOIAS","8760"
"615","2019","CO","GO","RIO VERDE","8760"
"616","2019","CO","GO","MINEIROS","8760"
"617","2019","CO","GO","PARAUNA","8760"
"618","2019","CO","GO","IPORA","8760"
"619","2019","CO","GO","EDEIA","8760"
"620","2019","CO","GO","SAO MIGUEL DO ARAGUAIA","8760"
"621","2019","CO","GO","MONTE ALEGRE DE GOIAS","8760"
"622","2019","CO","GO","PIRES DO RIO","8760"
"623","2019","CO","GO","CATALAO","8760"
"624","2019","CO","GO","ITUMBIARA","8760"
"625","2019","CO","GO","CRISTALINA","8760"
"626","2019","CO","GO","SILVANIA","8760"
"627","2019","CO","GO","CRISTALINA (FAZENDA SANTA MONICA)","8760"
"628","2019","CO","MS","CAMPO GRANDE","8760"
"629","2019","CO","MS","PONTA PORA","8760"
"630","2019","CO","MS","TRES LAGOAS","8760"
"631","2019","CO","MS","IVINHEMA","8760"
"632","2019","CO","MS","PARANAIBA","8760"
"633","2019","CO","MS","NHUMIRIM","8760"
"634","2019","CO","MS","AQUIDAUANA","8760"
"635","2019","CO","MS","COXIM","8760"
"636","2019","CO","MS","DOURADOS","8760"
"637","2019","CO","MS","MIRANDA","8760"
"638","2019","CO","MS","PORTO MURTINHO","8760"
"639","2019","CO","MS","CORUMBA","8760"
"640","2019","CO","MS","CHAPADAO DO SUL","8760"
"641","2019","CO","MS","MARACAJU","8760"
"642","2019","CO","MS","SAO GABRIEL DO OESTE","8760"
"643","2019","CO","MS","CASSILANDIA","8760"
"644","2019","CO","MS","RIO BRILHANTE","8760"
"645","2019","CO","MS","JUTI","8760"
"646","2019","CO","MS","AMAMBAI","8760"
"647","2019","CO","MS","SETE QUEDAS","8760"
"648","2019","CO","MS","ITAQUIRAI","8760"
"649","2019","CO","MS","SIDROLANDIA","8760"
"650","2019","CO","MS","AGUA CLARA","8760"
"651","2019","CO","MS","BELA VISTA","8760"
"652","2019","CO","MS","JARDIM","8760"
"653","2019","CO","MS","BATAGUASSU","8760"
"654","2019","CO","MS","COSTA RICA","8760"
"655","2019","CO","MS","SONORA","8760"
"656","2019","CO","MS","ANGELICA","8760"
"657","2019","CO","MS","ARAL MOREIRA","8760"
"658","2019","CO","MS","BANDEIRANTES","8760"
"659","2019","CO","MS","BONITO","8760"
"660","2019","CO","MS","BRASILANDIA","8760"
"661","2019","CO","MS","CAARAPO","8760"
"662","2019","CO","MS","CAMAPUA","8760"
"663","2019","CO","MS","FATIMA DO SUL","8760"
"664","2019","CO","MS","IGUATEMI","8760"
"665","2019","CO","MS","ITAPORA","8760"
"666","2019","CO","MS","LAGUNA CARAPA","8760"
"667","2019","CO","MS","NOVA ALVORADA DO SUL","8760"
"668","2019","CO","MS","NOVA ANDRADINA","8760"
"669","2019","CO","MS","PEDRO GOMES","8760"
"670","2019","CO","MS","RIBAS DO RIO PARDO","8760"
"671","2019","CO","MS","SANTA RITA DO PARDO","8760"
"672","2019","CO","MS","SELVIRIA","8760"
"673","2019","CO","MT","CUIABA","8760"
"674","2019","CO","MT","TANGARA DA SERRA","8760"
"675","2019","CO","MT","S.J. DO RIO CLARO","8760"
"676","2019","CO","MT","SORRISO","8760"
"677","2019","CO","MT","CAMPO NOVO DOS PARECIS","8760"
"678","2019","CO","MT","GUARANTA DO NORTE","8760"
"679","2019","CO","MT","RONDONOPOLIS","8760"
"680","2019","CO","MT","AGUA BOA","8760"
"681","2019","CO","MT","ALTO ARAGUAIA","8760"
"682","2019","CO","MT","APIACAS","8760"
"683","2019","CO","MT","SAPEZAL","8760"
"684","2019","CO","MT","CAMPO VERDE","8760"
"685","2019","CO","MT","COMODORO","8760"
"686","2019","CO","MT","JUARA","8760"
"687","2019","CO","MT","PARANATINGA","8760"
"688","2019","CO","MT","QUERENCIA","8760"
"689","2019","CO","MT","SINOP","8760"
"690","2019","CO","MT","COTRIGUACU","8760"
"691","2019","CO","MT","JUINA","8760"
"692","2019","CO","MT","SAO FELIX  DO ARAGUAIA","8760"
"693","2019","CO","MT","VILA BELA DA SANTISSIMA TRINDADE","8760"
"694","2019","CO","MT","PRIMAVERA DO LESTE","8760"
"695","2019","CO","MT","ALTA FLORESTA","8760"
"696","2019","CO","MT","CARLINDA","8760"
"697","2019","CO","MT","BRASNORTE (NOVO MUNDO)","8760"
"698","2019","CO","MT","NOVA MARINGA","8760"
"699","2019","CO","MT","NOVA UBIRATA","8760"
"700","2019","CO","MT","GAUCHA DO NORTE","8760"
"701","2019","CO","MT","SANTO ANTONIO DO LESTE","8760"
"702","2019","CO","MT","GUIRATINGA","8760"
"703","2019","CO","MT","ITIQUIRA","8760"
"704","2019","CO","MT","ALTO TAQUARI","8760"
"705","2019","CO","MT","PORTO ESTRELA","8760"
"706","2019","CO","MT","SALTO DO CEU","8760"
"707","2019","CO","MT","PONTES E LACERDA","8760"
"708","2019","CO","MT","CACERES","8760"
"709","2019","CO","MT","SAO JOSE DO XINGU","7584"
"710","2019","CO","MT","SERRA NOVA DOURADA","6672"
"711","2019","CO","MT","ROSARIO OESTE","5184"
"712","2019","N","AC","PARQUE ESTADUAL CHANDLESS","8760"
"713","2019","N","AC","RIO BRANCO","8760"
"714","2019","N","AC","CRUZEIRO DO SUL","8760"
"715","2019","N","AC","PORTO WALTER","8760"
"716","2019","N","AC","MARECHAL THAUMATURGO","8760"
"717","2019","N","AC","FEIJO","8760"
"718","2019","N","AC","EPITACIOLANDIA","8760"
"719","2019","N","AM","MANAUS","8760"
"720","2019","N","AM","EIRUNEPE","8760"
"721","2019","N","AM","BOCA DO ACRE","8760"
"722","2019","N","AM","LABREA","8760"
"723","2019","N","AM","HUMAITA","8760"
"724","2019","N","AM","APUI","8760"
"725","2019","N","AM","COARI","8760"
"726","2019","N","AM","MANACAPURU","8760"
"727","2019","N","AM","AUTAZES","8760"
"728","2019","N","AM","ITACOATIARA","8760"
"729","2019","N","AM","MAUES","8760"
"730","2019","N","AM","PARINTINS","8760"
"731","2019","N","AM","URUCARA","8760"
"732","2019","N","AM","RIO URUBU","8760"
"733","2019","N","AM","PRESIDENTE FIGUEIREDO","8760"
"734","2019","N","AM","BARCELOS","8760"
"735","2019","N","AM","MANICORE","8760"
"736","2019","N","AM","S. G. DA CACHOEIRA","8760"
"737","2019","N","AM","NOVO ARIPUANA","4008"
"738","2019","N","AP","OIAPOQUE","8760"
"739","2019","N","AP","PORTO GRANDE","8760"
"740","2019","N","AP","MACAPA","8760"
"741","2019","N","AP","ITAUBAL","8760"
"742","2019","N","PA","BELEM","8760"
"743","2019","N","PA","CASTANHAL","8760"
"744","2019","N","PA","MEDICILANDIA","8760"
"745","2019","N","PA","PACAJA","8760"
"746","2019","N","PA","PLACAS","8760"
"747","2019","N","PA","PARAGOMINAS","8760"
"748","2019","N","PA","TOME ACU","8760"
"749","2019","N","PA","RONDON DO PARA","8760"
"750","2019","N","PA","SALINOPOLIS","8760"
"751","2019","N","PA","SAO FELIX DO XINGU","8760"
"752","2019","N","PA","BRAGANCA","8760"
"753","2019","N","PA","SOURE","8760"
"754","2019","N","PA","BREVES","8760"
"755","2019","N","PA","TUCURUI","8760"
"756","2019","N","PA","SERRA DOS CARAJAS","8760"
"757","2019","N","PA","ITAITUBA","8760"
"758","2019","N","PA","OBIDOS","8760"
"759","2019","N","PA","SANTANA DO ARAGUAIA","8760"
"760","2019","N","PA","TUCUMA","8760"
"761","2019","N","PA","NOVO REPARTIMENTO","8760"
"762","2019","N","PA","CAMETA","8760"
"763","2019","N","PA","MONTE ALEGRE","8760"
"764","2019","N","PA","MARABA","8760"
"765","2019","N","PA","CONCEICAO DO ARAGUAIA","8760"
"766","2019","N","PA","MINA DO PALITO","8760"
"767","2019","N","PA","XINGUARA","8760"
"768","2019","N","PA","CAPITAO POCO","8760"
"769","2019","N","PA","SANTAREM","8760"
"770","2019","N","PA","DOM ELISEU","8760"
"771","2019","N","PA","ALTAMIRA","8760"
"772","2019","N","PA","REDENCAO","4176"
"773","2019","N","RO","PORTO VELHO","8760"
"774","2019","N","RO","VILHENA","8760"
"775","2019","N","RO","CACOAL","8760"
"776","2019","N","RO","ARIQUEMES","8760"
"777","2019","N","RR","BOA VISTA","8760"
"778","2019","N","TO","PALMAS","8760"
"779","2019","N","TO","PARANA","8760"
"780","2019","N","TO","PEIXE","8760"
"781","2019","N","TO","GURUPI","8760"
"782","2019","N","TO","PEDRO AFONSO","8760"
"783","2019","N","TO","ARAGUAINA","8760"
"784","2019","N","TO","DIANOPOLIS","8760"
"785","2019","N","TO","FORMOSO DO ARAGUAIA","8760"
"786","2019","N","TO","MATEIROS","8760"
"787","2019","N","TO","MARIANOPOLIS DO TO","8760"
"788","2019","N","TO","CAMPOS LINDOS","8760"
"789","2019","N","TO","ARAGUATINS","8760"
"790","2019","N","TO","SANTA FE DO ARAGUAIA","8760"
"791","2019","N","TO","COLINAS DO TOCANTINS","8760"
"792","2019","N","TO","RIO SONO","8760"
"793","2019","N","TO","PIUM","8760"
"794","2019","N","TO","SANTA ROSA DO TOCANTINS","8760"
"795","2019","N","TO","ALMAS","8760"
"796","2019","N","TO","ARAGUACU","8760"
"797","2019","N","TO","LAGOA DA CONFUSAO","8760"
"798","2019","NE","AL","MACEIO","8760"
"799","2019","NE","AL","PAO DE ACUCAR","8760"
"800","2019","NE","AL","PALMEIRA DOS INDIOS","8760"
"801","2019","NE","AL","ARAPIRACA","8760"
"802","2019","NE","AL","CORURIPE","8760"
"803","2019","NE","AL","SAO LUIS DO QUITUNDE","8760"
"804","2019","NE","AL","PIRANHAS","8760"
"805","2019","NE","BA","SALVADOR","8760"
"806","2019","NE","BA","BARREIRAS","8760"
"807","2019","NE","BA","LUIZ EDUARDO MAGALHAES","8760"
"808","2019","NE","BA","CARAVELAS","8760"
"809","2019","NE","BA","CRUZ DAS ALMAS","8760"
"810","2019","NE","BA","ITIRUCU","8760"
"811","2019","NE","BA","ITABERABA","8760"
"812","2019","NE","BA","ILHEUS","8760"
"813","2019","NE","BA","MACAJUBA","8760"
"814","2019","NE","BA","FEIRA DE SANTANA","8760"
"815","2019","NE","BA","VITORIA DA CONQUISTA","8760"
"816","2019","NE","BA","SANTA RITA DE CASSIA","8760"
"817","2019","NE","BA","CORRENTINA","8760"
"818","2019","NE","BA","BOM JESUS DA LAPA","8760"
"819","2019","NE","BA","ABROLHOS","8760"
"820","2019","NE","BA","REMANSO","8760"
"821","2019","NE","BA","IRECE","8760"
"822","2019","NE","BA","LENCOIS","8760"
"823","2019","NE","BA","GUANAMBI","8760"
"824","2019","NE","BA","PORTO SEGURO","8760"
"825","2019","NE","BA","SENHOR DO BONFIM","8760"
"826","2019","NE","BA","BARRA","8760"
"827","2019","NE","BA","PIATA","8760"
"828","2019","NE","BA","CONDE","8760"
"829","2019","NE","BA","BURITIRAMA","8760"
"830","2019","NE","BA","BRUMADO","8760"
"831","2019","NE","BA","AMARGOSA","8760"
"832","2019","NE","BA","UAUA","8760"
"833","2019","NE","BA","QUEIMADAS","8760"
"834","2019","NE","BA","UNA","8760"
"835","2019","NE","BA","MARAU","8760"
"836","2019","NE","BA","IBOTIRAMA","8760"
"837","2019","NE","BA","JACOBINA","8760"
"838","2019","NE","BA","SERRINHA","8760"
"839","2019","NE","BA","EUCLIDES DA CUNHA","8760"
"840","2019","NE","BA","DELFINO","8760"
"841","2019","NE","BA","VALENCA","8760"
"842","2019","NE","BA","IPIAU","8760"
"843","2019","NE","BA","ITAPETINGA","8760"
"844","2019","NE","BA","BELMONTE","8760"
"845","2019","NE","BA","CURACA","8760"
"846","2019","NE","BA","PILAO ARCADO","8760"
"847","2019","NE","BA","JEREMOABO","8760"
"848","2019","NE","BA","FORMOSO DO RIO PRETO","8760"
"849","2019","NE","BA","ITAMARAJU","8760"
"850","2019","NE","BA","SALVADOR (RADIO FAROL)","8760"
"851","2019","NE","BA","RIBEIRA DO AMPARO","8760"
"852","2019","NE","CE","FORTALEZA","8760"
"853","2019","NE","CE","SOBRAL","8760"
"854","2019","NE","CE","GUARAMIRANGA","8760"
"855","2019","NE","CE","BARBALHA","8760"
"856","2019","NE","CE","IGUATU","8760"
"857","2019","NE","CE","TAUA","8760"
"858","2019","NE","CE","QUIXERAMOBIM","8760"
"859","2019","NE","CE","MORADA NOVA","8760"
"860","2019","NE","CE","JAGUARUANA","8760"
"861","2019","NE","CE","CRATEUS","8760"
"862","2019","NE","CE","CAMPOS SALES","8760"
"863","2019","NE","CE","JAGUARIBE","8760"
"864","2019","NE","CE","ITAPIPOCA","8760"
"865","2019","NE","CE","ACARAU","8760"
"866","2019","NE","CE","TIANGUA","8760"
"867","2019","NE","CE","QUIXADA","8760"
"868","2019","NE","MA","SAO LUIS","8760"
"869","2019","NE","MA","BALSAS","8760"
"870","2019","NE","MA","CAROLINA","8760"
"871","2019","NE","MA","CHAPADINHA","8760"
"872","2019","NE","MA","GRAJAU","8760"
"873","2019","NE","MA","FAROL de SANTANA","8760"
"874","2019","NE","MA","PREGUICAS","8760"
"875","2019","NE","MA","TURIACU","8760"
"876","2019","NE","MA","BACABAL","8760"
"877","2019","NE","MA","BARRA DO CORDA","8760"
"878","2019","NE","MA","COLINAS","8760"
"879","2019","NE","MA","ALTO PARNAIBA","8760"
"880","2019","NE","MA","ESTREITO","8760"
"881","2019","NE","MA","IMPERATRIZ","8760"
"882","2019","NE","MA","CAXIAS","8760"
"883","2019","NE","MA","BURITICUPU","8760"
"884","2019","NE","MA","ZE DOCA","2520"
"885","2019","NE","PB","AREIA","8760"
"886","2019","NE","PB","CAMPINA GRANDE","8760"
"887","2019","NE","PB","JOAO PESSOA","8760"
"888","2019","NE","PB","PATOS","8760"
"889","2019","NE","PB","SAO GONCALO","8760"
"890","2019","NE","PB","MONTEIRO","8760"
"891","2019","NE","PB","CABACEIRAS","8760"
"892","2019","NE","PB","CAMARATUBA","8760"
"893","2019","NE","PB","ITAPORANGA","8760"
"894","2019","NE","PE","RECIFE","8760"
"895","2019","NE","PE","PETROLINA","8760"
"896","2019","NE","PE","ARCO VERDE","8760"
"897","2019","NE","PE","GARANHUNS","8760"
"898","2019","NE","PE","SURUBIM","8760"
"899","2019","NE","PE","CABROBO","8760"
"900","2019","NE","PE","CARUARU","8760"
"901","2019","NE","PE","IBIMIRIM","8760"
"902","2019","NE","PE","SERRA TALHADA","8760"
"903","2019","NE","PE","FLORESTA","8760"
"904","2019","NE","PE","PALMARES","8760"
"905","2019","NE","PE","OURICURI","8760"
"906","2019","NE","PE","SALGUEIRO","8760"
"907","2019","NE","PI","PARNAIBA","8760"
"908","2019","NE","PI","FLORIANO","8760"
"909","2019","NE","PI","TERESINA","8760"
"910","2019","NE","PI","BOM JESUS DO PIAUI","8760"
"911","2019","NE","PI","PAULISTANA","8760"
"912","2019","NE","PI","SAO JOAO DO PIAUI","8760"
"913","2019","NE","PI","PIRIPIRI","8760"
"914","2019","NE","PI","ALVORADA DO GURGUEIA","8760"
"915","2019","NE","PI","CARACOL","8760"
"916","2019","NE","PI","PICOS","8760"
"917","2019","NE","PI","SAO RAIMUNDO NONATO","8760"
"918","2019","NE","PI","URUCUI","8760"
"919","2019","NE","PI","OEIRAS","8760"
"920","2019","NE","PI","CASTELO DO PIAUI","8760"
"921","2019","NE","PI","VALENCA DO PIAUI","8760"
"922","2019","NE","PI","GILBUES","8760"
"923","2019","NE","PI","CANTO DO BURITI","8760"
"924","2019","NE","PI","CORRENTE","8760"
"925","2019","NE","PI","BAIXA GRANDE DO RIBEIRO","8760"
"926","2019","NE","PI","CAMPO MAIOR","8760"
"927","2019","NE","PI","ANGICAL DO PIAUI","1152"
"928","2019","NE","RN","ARQ.SAO PEDRO E SAO PAULO","8760"
"929","2019","NE","RN","NATAL","8760"
"930","2019","NE","RN","CAICO","8760"
"931","2019","NE","RN","MACAU","8760"
"932","2019","NE","RN","MOSSORO","8760"
"933","2019","NE","RN","APODI","8760"
"934","2019","NE","RN","CALCANHAR","8760"
"935","2019","NE","RN","SANTA CRUZ","8760"
"936","2019","NE","RN","IPANGUACU","8760"
"937","2019","NE","SE","ARACAJU","8760"
"938","2019","NE","SE","ITABAIANINHA","8760"
"939","2019","NE","SE","POCO VERDE","8760"
"940","2019","NE","SE","CARIRA","8760"
"941","2019","NE","SE","BREJO GRANDE","8760"
"942","2019","NE","SE","ITABAIANA","8760"
"943","2019","NE","SE","NOSSA SENHORA DA GLORIA","8760"
"944","2019","S","PR","CURITIBA","8760"
"945","2019","S","PR","IVAI","8760"
"946","2019","S","PR","CASTRO","8760"
"947","2019","S","PR","MAL. CANDIDO RONDON","8760"
"948","2019","S","PR","JOAQUIM TAVORA","8760"
"949","2019","S","PR","NOVA TEBAS","8760"
"950","2019","S","PR","INACIO MARTINS","8760"
"951","2019","S","PR","ICARAIMA","8760"
"952","2019","S","PR","GOIOERE","8760"
"953","2019","S","PR","MARINGA","8760"
"954","2019","S","PR","NOVA FATIMA","8760"
"955","2019","S","PR","DOIS VIZINHOS","8760"
"956","2019","S","PR","FOZ DO IGUACU","8760"
"957","2019","S","PR","DIAMANTE DO NORTE","8760"
"958","2019","S","PR","PARANAPOEMA","8760"
"959","2019","S","PR","PLANALTO","8760"
"960","2019","S","PR","CIDADE GAUCHA","8760"
"961","2019","S","PR","JAPIRA","8760"
"962","2019","S","PR","VENTANIA","8760"
"963","2019","S","PR","MORRETES","8760"
"964","2019","S","PR","SAO MATEUS DO SUL","8760"
"965","2019","S","PR","GENERAL CARNEIRO","8760"
"966","2019","S","PR","CLEVELANDIA","8760"
"967","2019","S","PR","CAMPINA DA LAGOA","8760"
"968","2019","S","PR","LARANJEIRAS DO SUL","8760"
"969","2019","S","PR","COLOMBO","8760"
"970","2019","S","RS","PORTO ALEGRE","8760"
"971","2019","S","RS","RIO GRANDE","8760"
"972","2019","S","RS","SANTA MARIA","8760"
"973","2019","S","RS","SANTANA DO LIVRAMENTO","8760"
"974","2019","S","RS","SANTO AUGUSTO","8760"
"975","2019","S","RS","TORRES","8760"
"976","2019","S","RS","URUGUAIANA","8760"
"977","2019","S","RS","SANTA ROSA","8760"
"978","2019","S","RS","CANGUCU","8760"
"979","2019","S","RS","CACAPAVA DO SUL","8760"
"980","2019","S","RS","RIO PARDO","8760"
"981","2019","S","RS","ALEGRETE","8760"
"982","2019","S","RS","BAGE","8760"
"983","2019","S","RS","ERECHIM","8760"
"984","2019","S","RS","SAO JOSE DOS AUSENTES","8760"
"985","2019","S","RS","SAO BORJA","8760"
"986","2019","S","RS","QUARAI","8760"
"987","2019","S","RS","SAO GABRIEL","8760"
"988","2019","S","RS","SANTIAGO","8760"
"989","2019","S","RS","TRAMANDAI","8760"
"990","2019","S","RS","JAGUARAO","8760"
"991","2019","S","RS","SOLEDADE","8760"
"992","2019","S","RS","CAMAQUA","8760"
"993","2019","S","RS","PASSO FUNDO","8760"
"994","2019","S","RS","BENTO GONCALVES","8760"
"995","2019","S","RS","LAGOA VERMELHA","8760"
"996","2019","S","RS","SAO LUIZ GONZAGA","8760"
"997","2019","S","RS","CRUZ ALTA","8760"
"998","2019","S","RS","FREDERICO WESTPHALEN","8760"
"999","2019","S","RS","PALMEIRA DAS MISSOES","8760"
"1000","2019","S","RS","MOSTARDAS","8760"
"1001","2019","S","RS","CANELA","8760"
"1002","2019","S","RS","VACARIA","8760"
"1003","2019","S","RS","DOM PEDRITO","8760"
"1004","2019","S","RS","TEUTONIA","8760"
"1005","2019","S","RS","IBIRUBA","8760"
"1006","2019","S","RS","CAMPO BOM","8760"
"1007","2019","S","RS","TUPANCIRETA","8760"
"1008","2019","S","RS","CAPAO DO LEAO (PELOTAS)","4008"
"1009","2019","S","RS","SAO VICENTE DO SUL","8760"
"1010","2019","S","RS","ENCRUZILHADA DO SUL","8760"
"1011","2019","S","RS","SERAFINA CORREA","8760"
"1012","2019","S","RS","CAMBARA DO SUL","8760"
"1013","2019","S","RS","Santa Vitoria do Palmar - Barra do Chui","8760"
"1014","2019","S","SC","FLORIANOPOLIS","8760"
"1015","2019","S","SC","URUSSANGA","8760"
"1016","2019","S","SC","SAO JOAQUIM","8760"
"1017","2019","S","SC","NOVO HORIZONTE","8760"
"1018","2019","S","SC","INDAIAL","8760"
"1019","2019","S","SC","JOACABA","8760"
"1020","2019","S","SC","BOM JARDIM DA SERRA - MORRO DA IGREJA","8760"
"1021","2019","S","SC","DIONISIO CERQUEIRA","8760"
"1022","2019","S","SC","ITAPOA","8760"
"1023","2019","S","SC","SAO MIGUEL DO OESTE","8760"
"1024","2019","S","SC","XANXERE","8760"
"1025","2019","S","SC","CACADOR","8760"
"1026","2019","S","SC","CURITIBANOS","8760"
"1027","2019","S","SC","RIO DO CAMPO","8760"
"1028","2019","S","SC","RIO NEGRINHO","8760"
"1029","2019","S","SC","ITUPORANGA","8760"
"1030","2019","S","SC","MAJOR VIEIRA","8760"
"1031","2019","S","SC","LAGES","8760"
"1032","2019","S","SC","Laguna  - Farol de Santa Marta","8760"
"1033","2019","S","SC","ARARANGUA","8760"
"1034","2019","S","SC","ITAJAI","8760"
"1035","2019","S","SC","RANCHO QUEIMADO","8760"
"1036","2019","S","SC","CHAPECO","7584"
"1037","2019","S","SC","CAMPOS NOVOS","7680"
"1038","2019","SE","ES","VITORIA","8760"
"1039","2019","SE","ES","SANTA TERESA","8760"
"1040","2019","SE","ES","LINHARES","8760"
"1041","2019","SE","ES","ALFREDO CHAVES","8760"
"1042","2019","SE","ES","SAO MATEUS","8760"
"1043","2019","SE","ES","ALEGRE","8760"
"1044","2019","SE","ES","PRES. KENNEDY","8760"
"1045","2019","SE","ES","NOVA VENECIA","8760"
"1046","2019","SE","ES","ECOPORANGA","8760"
"1047","2019","SE","ES","MARILANDIA","8760"
"1048","2019","SE","ES","VENDA NOVA DO IMIGRANTE","8760"
"1049","2019","SE","ES","VILA VELHA","8760"
"1050","2019","SE","ES","AFONSO CLAUDIO","8760"
"1051","2019","SE","MG","BARBACENA","8760"
"1052","2019","SE","MG","ARAXA","8760"
"1053","2019","SE","MG","MONTES CLAROS","8760"
"1054","2019","SE","MG","UBERLANDIA","8760"
"1055","2019","SE","MG","ALMENARA","8760"
"1056","2019","SE","MG","MONTE VERDE","8760"
"1057","2019","SE","MG","VICOSA","8760"
"1058","2019","SE","MG","TIMOTEO","8760"
"1059","2019","SE","MG","ITUIUTABA","8760"
"1060","2019","SE","MG","OURO BRANCO","8760"
"1061","2019","SE","MG","SAO JOAO DEL REI","8760"
"1062","2019","SE","MG","VARGINHA","8760"
"1063","2019","SE","MG","PASSOS","8760"
"1064","2019","SE","MG","MURIAE","8760"
"1065","2019","SE","MG","JUIZ DE FORA","8760"
"1066","2019","SE","MG","CAMPINA VERDE","8760"
"1067","2019","SE","MG","CONCEICAO DAS ALAGOAS","8760"
"1068","2019","SE","MG","PAMPULHA","8760"
"1069","2019","SE","MG","SERRA DOS AIMORES","8760"
"1070","2019","SE","MG","PATROCINIO","8760"
"1071","2019","SE","MG","FORMIGA","8760"
"1072","2019","SE","MG","SACRAMENTO","8760"
"1073","2019","SE","MG","MONTALVANIA","8760"
"1074","2019","SE","MG","TEOFILO OTONI","8760"
"1075","2019","SE","MG","TRES MARIAS","8760"
"1076","2019","SE","MG","PASSA QUATRO","8760"
"1077","2019","SE","MG","CALDAS","8760"
"1078","2019","SE","MG","MARIA DA FE","8760"
"1079","2019","SE","MG","GOVERNADOR VALADARES","8760"
"1080","2019","SE","MG","GUANHAES","8760"
"1081","2019","SE","MG","AIMORES","8760"
"1082","2019","SE","MG","FLORESTAL","8760"
"1083","2019","SE","MG","DORES DO INDAIA","8760"
"1084","2019","SE","MG","DIAMANTINA","8760"
"1085","2019","SE","MG","CURVELO","8760"
"1086","2019","SE","MG","MOCAMBINHO","8760"
"1087","2019","SE","MG","MANTENA","8760"
"1088","2019","SE","MG","CAPELINHA","8760"
"1089","2019","SE","MG","UNAI","8760"
"1090","2019","SE","MG","ESPINOSA","8760"
"1091","2019","SE","MG","BURITIS","8760"
"1092","2019","SE","MG","PIRAPORA","8760"
"1093","2019","SE","MG","GUARDA-MOR","8760"
"1094","2019","SE","MG","SAO ROMAO","8760"
"1095","2019","SE","MG","CHAPADA GAUCHA","8760"
"1096","2019","SE","MG","AGUAS VERMELHAS","8760"
"1097","2019","SE","MG","ITAOBIM","8760"
"1098","2019","SE","MG","RIO PARDO DE MINAS","8760"
"1099","2019","SE","MG","SALINAS","8760"
"1100","2019","SE","MG","JOAO PINHEIRO","8760"
"1101","2019","SE","MG","CARATINGA","8760"
"1102","2019","SE","MG","IBIRITE (ROLA MOCA)","8760"
"1103","2019","SE","MG","MANHUACU","8760"
"1104","2019","SE","MG","CORONEL PACHECO","8760"
"1105","2019","SE","MG","JANUARIA","8760"
"1106","2019","SE","MG","SAO SEBASTIAO DO PARAISO","8760"
"1107","2019","SE","MG","PATOS DE MINAS","8760"
"1108","2019","SE","MG","JANAUBA","8760"
"1109","2019","SE","MG","DIVINOPOLIS","8760"
"1110","2019","SE","MG","BAMBUI","8760"
"1111","2019","SE","MG","ARACUAI","8760"
"1112","2019","SE","MG","MACHADO","8760"
"1113","2019","SE","MG","UBERABA","8760"
"1114","2019","SE","MG","SETE LAGOAS","8760"
"1115","2019","SE","MG","OLIVEIRA","8760"
"1116","2019","SE","MG","PARACATU","8760"
"1117","2019","SE","MG","BELO HORIZONTE - CERCADINHO","8760"
"1118","2019","SE","RJ","SEROPEDICA-ECOLOGIA AGRICOLA","8760"
"1119","2019","SE","RJ","RIO DE JANEIRO-MARAMBAIA","8760"
"1120","2019","SE","RJ","DUQUE DE CAXIAS - XEREM","8760"
"1121","2019","SE","RJ","CAMBUCI","8760"
"1122","2019","SE","RJ","ARRAIAL DO CABO","8760"
"1123","2019","SE","RJ","CAMPOS DOS GOYTACAZES","8760"
"1124","2019","SE","RJ","MACAE","8760"
"1125","2019","SE","RJ","RESENDE","8760"
"1126","2019","SE","RJ","PICO DO COUTO","8760"
"1127","2019","SE","RJ","VALENCA","8760"
"1128","2019","SE","RJ","TERESOPOLIS-PARQUE NACIONAL","8760"
"1129","2019","SE","RJ","PARATI","8760"
"1130","2019","SE","RJ","CAMPOS DOS GOYTACAZES - SAO TOME","8760"
"1131","2019","SE","RJ","RIO DE JANEIRO - VILA MILITAR","8760"
"1132","2019","SE","RJ","NOVA FRIBURGO - SALINAS","8760"
"1133","2019","SE","RJ","TRES RIOS","8760"
"1134","2019","SE","RJ","RIO CLARO","8760"
"1135","2019","SE","RJ","NITEROI","8760"
"1136","2019","SE","RJ","ANGRA DOS REIS","8760"
"1137","2019","SE","RJ","CARMO","8760"
"1138","2019","SE","RJ","SANTA MARIA MADALENA","8760"
"1139","2019","SE","RJ","ITATIAIA","8760"
"1140","2019","SE","RJ","RIO DE JANEIRO - JACAREPAGUA","8760"
"1141","2019","SE","RJ","RIO DE JANEIRO - FORTE DE COPACABANA","8760"
"1142","2019","SE","RJ","SILVA JARDIM","8760"
"1143","2019","SE","RJ","SAQUAREMA - SAMPAIO CORREIA","8760"
"1144","2019","SE","SP","SAO PAULO - MIRANTE","8760"
"1145","2019","SE","SP","BAURU","8760"
"1146","2019","SE","SP","CAMPOS DO JORDAO","8760"
"1147","2019","SE","SP","PRESIDENTE PRUDENTE","8760"
"1148","2019","SE","SP","FRANCA","8760"
"1149","2019","SE","SP","SAO CARLOS","8760"
"1150","2019","SE","SP","IGUAPE","8760"
"1151","2019","SE","SP","SOROCABA","8760"
"1152","2019","SE","SP","ITAPEVA","8760"
"1153","2019","SE","SP","SAO MIGUEL ARCANJO","8760"
"1154","2019","SE","SP","OURINHOS","8760"
"1155","2019","SE","SP","RANCHARIA","8760"
"1156","2019","SE","SP","AVARE","8760"
"1157","2019","SE","SP","PIRACICABA","8760"
"1158","2019","SE","SP","LINS","8760"
"1159","2019","SE","SP","TAUBATE","8760"
"1160","2019","SE","SP","VOTUPORANGA","8760"
"1161","2019","SE","SP","JALES","8760"
"1162","2019","SE","SP","VALPARAISO","8760"
"1163","2019","SE","SP","JOSE BONIFACIO","8760"
"1164","2019","SE","SP","ARIRANHA","8760"
"1165","2019","SE","SP","IBITINGA","8760"
"1166","2019","SE","SP","CASA BRANCA","8760"
"1167","2019","SE","SP","ITAPIRA","8760"
"1168","2019","SE","SP","SAO LUIS DO PARAITINGA","8760"
"1169","2019","SE","SP","BARRA BONITA","8760"
"1170","2019","SE","SP","BRAGANCA PAULISTA","8760"
"1171","2019","SE","SP","BARRA DO TURVO","8760"
"1172","2019","SE","SP","PRADOPOLIS","8760"
"1173","2019","SE","SP","BARRETOS","8760"
"1174","2019","SE","SP","ITUVERAVA","8760"
"1175","2019","SE","SP","BARUERI","8760"
"1176","2019","SE","SP","DRACENA","8760"
"1177","2019","SE","SP","MARILIA","8760"
"1178","2019","SE","SP","BEBDOURO","8760"
"1179","2019","SE","SP","BERTIOGA","8760"
"1180","2019","SE","SP","REGISTRO","8760"
"1181","2019","SE","SP","SAO SEBASTIAO","8760"
"1182","2019","SE","SP","TUPA","8760"
"1183","2019","SE","SP","CACHOEIRA PAULISTA","8760"
"1184","2019","SE","SP","SAO SIMAO","4368"
"1185","2019","SE","SP","SAO PAULO - INTERLAGOS","8760"
"1186","2020","CO","DF","BRASILIA","8784"
"1187","2020","CO","DF","BRAZLANDIA","8784"
"1188","2020","CO","DF","AGUAS EMENDADAS","8784"
"1189","2020","CO","DF","GAMA (PONTE ALTA)","8784"
"1190","2020","CO","DF","PARANOA (COOPA-DF)","8784"
"1191","2020","CO","GO","GOIANIA","8784"
"1192","2020","CO","GO","MORRINHOS","8784"
"1193","2020","CO","GO","PORANGATU","8784"
"1194","2020","CO","GO","SAO SIMAO","8784"
"1195","2020","CO","GO","LUZIANIA","8784"
"1196","2020","CO","GO","ARAGARCAS","8784"
"1197","2020","CO","GO","GOIAS","8784"
"1198","2020","CO","GO","ITAPACI","8784"
"1199","2020","CO","GO","JATAI","8784"
"1200","2020","CO","GO","POSSE","8784"
"1201","2020","CO","GO","GOIANESIA","8784"
"1202","2020","CO","GO","CAIAPONIA","8784"
"1203","2020","CO","GO","ALTO PARAISO DE GOIAS","8784"
"1204","2020","CO","GO","RIO VERDE","8784"
"1205","2020","CO","GO","MINEIROS","8784"
"1206","2020","CO","GO","PARAUNA","8784"
"1207","2020","CO","GO","IPORA","8784"
"1208","2020","CO","GO","EDEIA","8784"
"1209","2020","CO","GO","SAO MIGUEL DO ARAGUAIA","8784"
"1210","2020","CO","GO","MONTE ALEGRE DE GOIAS","8784"
"1211","2020","CO","GO","PIRES DO RIO","8784"
"1212","2020","CO","GO","CATALAO","8784"
"1213","2020","CO","GO","ITUMBIARA","8784"
"1214","2020","CO","GO","CRISTALINA","8784"
"1215","2020","CO","GO","SILVANIA","8784"
"1216","2020","CO","GO","CRISTALINA (FAZENDA SANTA MONICA)","8784"
"1217","2020","CO","MS","CAMPO GRANDE","8784"
"1218","2020","CO","MS","PONTA PORA","8784"
"1219","2020","CO","MS","TRES LAGOAS","8784"
"1220","2020","CO","MS","IVINHEMA","8784"
"1221","2020","CO","MS","PARANAIBA","8784"
"1222","2020","CO","MS","NHUMIRIM","8784"
"1223","2020","CO","MS","AQUIDAUANA","8784"
"1224","2020","CO","MS","COXIM","8784"
"1225","2020","CO","MS","DOURADOS","8784"
"1226","2020","CO","MS","MIRANDA","8784"
"1227","2020","CO","MS","PORTO MURTINHO","8784"
"1228","2020","CO","MS","CORUMBA","8784"
"1229","2020","CO","MS","CHAPADAO DO SUL","8784"
"1230","2020","CO","MS","MARACAJU","8784"
"1231","2020","CO","MS","SAO GABRIEL DO OESTE","8784"
"1232","2020","CO","MS","CASSILANDIA","8784"
"1233","2020","CO","MS","RIO BRILHANTE","8784"
"1234","2020","CO","MS","JUTI","8784"
"1235","2020","CO","MS","AMAMBAI","8784"
"1236","2020","CO","MS","SETE QUEDAS","8784"
"1237","2020","CO","MS","ITAQUIRAI","8784"
"1238","2020","CO","MS","SIDROLANDIA","8784"
"1239","2020","CO","MS","AGUA CLARA","8784"
"1240","2020","CO","MS","BELA VISTA","8784"
"1241","2020","CO","MS","JARDIM","8784"
"1242","2020","CO","MS","BATAGUASSU","8784"
"1243","2020","CO","MS","COSTA RICA","8784"
"1244","2020","CO","MS","SONORA","8784"
"1245","2020","CO","MS","ANGELICA","8784"
"1246","2020","CO","MS","ARAL MOREIRA","8784"
"1247","2020","CO","MS","BANDEIRANTES","8784"
"1248","2020","CO","MS","BONITO","8784"
"1249","2020","CO","MS","BRASILANDIA","8784"
"1250","2020","CO","MS","CAARAPO","8784"
"1251","2020","CO","MS","CAMAPUA","8784"
"1252","2020","CO","MS","FATIMA DO SUL","8784"
"1253","2020","CO","MS","IGUATEMI","8784"
"1254","2020","CO","MS","ITAPORA","8784"
"1255","2020","CO","MS","LAGUNA CARAPA","8784"
"1256","2020","CO","MS","NOVA ALVORADA DO SUL","8784"
"1257","2020","CO","MS","NOVA ANDRADINA","8784"
"1258","2020","CO","MS","PEDRO GOMES","8784"
"1259","2020","CO","MS","RIBAS DO RIO PARDO","8784"
"1260","2020","CO","MS","SANTA RITA DO PARDO","8784"
"1261","2020","CO","MS","SELVIRIA","8784"
"1262","2020","CO","MT","CUIABA","8784"
"1263","2020","CO","MT","TANGARA DA SERRA","8784"
"1264","2020","CO","MT","S.J. DO RIO CLARO","8784"
"1265","2020","CO","MT","SORRISO","8784"
"1266","2020","CO","MT","CAMPO NOVO DOS PARECIS","8784"
"1267","2020","CO","MT","GUARANTA DO NORTE","8784"
"1268","2020","CO","MT","RONDONOPOLIS","8784"
"1269","2020","CO","MT","AGUA BOA","8784"
"1270","2020","CO","MT","ALTO ARAGUAIA","8784"
"1271","2020","CO","MT","APIACAS","8784"
"1272","2020","CO","MT","SAPEZAL","8784"
"1273","2020","CO","MT","CAMPO VERDE","8784"
"1274","2020","CO","MT","COMODORO","8784"
"1275","2020","CO","MT","JUARA","8784"
"1276","2020","CO","MT","PARANATINGA","8784"
"1277","2020","CO","MT","SINOP","8784"
"1278","2020","CO","MT","COTRIGUACU","8784"
"1279","2020","CO","MT","JUINA","8784"
"1280","2020","CO","MT","SAO FELIX  DO ARAGUAIA","8784"
"1281","2020","CO","MT","VILA BELA DA SANTISSIMA TRINDADE","8784"
"1282","2020","CO","MT","PRIMAVERA DO LESTE","8784"
"1283","2020","CO","MT","ALTA FLORESTA","8784"
"1284","2020","CO","MT","CARLINDA","8784"
"1285","2020","CO","MT","BRASNORTE (NOVO MUNDO)","8784"
"1286","2020","CO","MT","NOVA MARINGA","8784"
"1287","2020","CO","MT","NOVA UBIRATA","8784"
"1288","2020","CO","MT","GAUCHA DO NORTE","8784"
"1289","2020","CO","MT","SANTO ANTONIO DO LESTE","8784"
"1290","2020","CO","MT","GUIRATINGA","8784"
"1291","2020","CO","MT","ITIQUIRA","8784"
"1292","2020","CO","MT","ALTO TAQUARI","8784"
"1293","2020","CO","MT","PORTO ESTRELA","8784"
"1294","2020","CO","MT","SALTO DO CEU","8784"
"1295","2020","CO","MT","PONTES E LACERDA","8784"
"1296","2020","CO","MT","CACERES","8784"
"1297","2020","CO","MT","SAO JOSE DO XINGU","8784"
"1298","2020","CO","MT","SERRA NOVA DOURADA","8784"
"1299","2020","CO","MT","ROSARIO OESTE","8784"
"1300","2020","N","AC","PARQUE ESTADUAL CHANDLESS","8784"
"1301","2020","N","AC","RIO BRANCO","8784"
"1302","2020","N","AC","CRUZEIRO DO SUL","8784"
"1303","2020","N","AC","PORTO WALTER","8784"
"1304","2020","N","AC","MARECHAL THAUMATURGO","8784"
"1305","2020","N","AC","FEIJO","8784"
"1306","2020","N","AC","EPITACIOLANDIA","8784"
"1307","2020","N","AM","MANAUS","8784"
"1308","2020","N","AM","EIRUNEPE","8784"
"1309","2020","N","AM","BOCA DO ACRE","8784"
"1310","2020","N","AM","LABREA","8784"
"1311","2020","N","AM","HUMAITA","8784"
"1312","2020","N","AM","APUI","8784"
"1313","2020","N","AM","COARI","8784"
"1314","2020","N","AM","MANACAPURU","8784"
"1315","2020","N","AM","AUTAZES","8784"
"1316","2020","N","AM","ITACOATIARA","8784"
"1317","2020","N","AM","MAUES","8784"
"1318","2020","N","AM","PARINTINS","8784"
"1319","2020","N","AM","URUCARA","8784"
"1320","2020","N","AM","RIO URUBU","8784"
"1321","2020","N","AM","PRESIDENTE FIGUEIREDO","8784"
"1322","2020","N","AM","BARCELOS","8784"
"1323","2020","N","AM","MANICORE","8784"
"1324","2020","N","AM","S. G. DA CACHOEIRA","8784"
"1325","2020","N","AM","NOVO ARIPUANA","8784"
"1326","2020","N","AP","OIAPOQUE","8784"
"1327","2020","N","AP","PORTO GRANDE","8784"
"1328","2020","N","AP","MACAPA","8784"
"1329","2020","N","AP","ITAUBAL","8784"
"1330","2020","N","PA","BELEM","8784"
"1331","2020","N","PA","CASTANHAL","8784"
"1332","2020","N","PA","MEDICILANDIA","8784"
"1333","2020","N","PA","PACAJA","8784"
"1334","2020","N","PA","PLACAS","8784"
"1335","2020","N","PA","PARAGOMINAS","8784"
"1336","2020","N","PA","TOME ACU","8784"
"1337","2020","N","PA","RONDON DO PARA","8784"
"1338","2020","N","PA","SALINOPOLIS","8784"
"1339","2020","N","PA","SAO FELIX DO XINGU","8784"
"1340","2020","N","PA","BRAGANCA","8784"
"1341","2020","N","PA","SOURE","8784"
"1342","2020","N","PA","BREVES","8784"
"1343","2020","N","PA","TUCURUI","8784"
"1344","2020","N","PA","SERRA DOS CARAJAS","8784"
"1345","2020","N","PA","ITAITUBA","8784"
"1346","2020","N","PA","OBIDOS","8784"
"1347","2020","N","PA","SANTANA DO ARAGUAIA","8784"
"1348","2020","N","PA","TUCUMA","8784"
"1349","2020","N","PA","NOVO REPARTIMENTO","8784"
"1350","2020","N","PA","CAMETA","8784"
"1351","2020","N","PA","MONTE ALEGRE","8784"
"1352","2020","N","PA","MARABA","8784"
"1353","2020","N","PA","CONCEICAO DO ARAGUAIA","8784"
"1354","2020","N","PA","MINA DO PALITO","8784"
"1355","2020","N","PA","XINGUARA","8784"
"1356","2020","N","PA","CAPITAO POCO","8784"
"1357","2020","N","PA","SANTAREM","8784"
"1358","2020","N","PA","DOM ELISEU","8784"
"1359","2020","N","PA","ALTAMIRA","8784"
"1360","2020","N","PA","REDENCAO","8784"
"1361","2020","N","RO","PORTO VELHO","8784"
"1362","2020","N","RO","VILHENA","8784"
"1363","2020","N","RO","CACOAL","8784"
"1364","2020","N","RO","ARIQUEMES","8784"
"1365","2020","N","RR","BOA VISTA","8784"
"1366","2020","N","TO","PALMAS","8784"
"1367","2020","N","TO","PARANA","8784"
"1368","2020","N","TO","PEIXE","8784"
"1369","2020","N","TO","GURUPI","8784"
"1370","2020","N","TO","PEDRO AFONSO","8784"
"1371","2020","N","TO","ARAGUAINA","8784"
"1372","2020","N","TO","DIANOPOLIS","8784"
"1373","2020","N","TO","FORMOSO DO ARAGUAIA","8784"
"1374","2020","N","TO","MATEIROS","8784"
"1375","2020","N","TO","MARIANOPOLIS DO TO","8784"
"1376","2020","N","TO","CAMPOS LINDOS","8784"
"1377","2020","N","TO","ARAGUATINS","8784"
"1378","2020","N","TO","SANTA FE DO ARAGUAIA","8784"
"1379","2020","N","TO","COLINAS DO TOCANTINS","8784"
"1380","2020","N","TO","RIO SONO","8784"
"1381","2020","N","TO","PIUM","8784"
"1382","2020","N","TO","SANTA ROSA DO TOCANTINS","8784"
"1383","2020","N","TO","ALMAS","8784"
"1384","2020","N","TO","ARAGUACU","8784"
"1385","2020","N","TO","LAGOA DA CONFUSAO","8784"
"1386","2020","NE","AL","MACEIO","8784"
"1387","2020","NE","AL","PAO DE ACUCAR","8784"
"1388","2020","NE","AL","PALMEIRA DOS INDIOS","8784"
"1389","2020","NE","AL","ARAPIRACA","8784"
"1390","2020","NE","AL","CORURIPE","8784"
"1391","2020","NE","AL","SAO LUIS DO QUITUNDE","8784"
"1392","2020","NE","AL","PIRANHAS","8784"
"1393","2020","NE","BA","SALVADOR","8784"
"1394","2020","NE","BA","BARREIRAS","8784"
"1395","2020","NE","BA","LUIZ EDUARDO MAGALHAES","8784"
"1396","2020","NE","BA","CARAVELAS","8784"
"1397","2020","NE","BA","CRUZ DAS ALMAS","8784"
"1398","2020","NE","BA","ITIRUCU","8784"
"1399","2020","NE","BA","ITABERABA","8784"
"1400","2020","NE","BA","ILHEUS","8784"
"1401","2020","NE","BA","MACAJUBA","8784"
"1402","2020","NE","BA","FEIRA DE SANTANA","8784"
"1403","2020","NE","BA","VITORIA DA CONQUISTA","8784"
"1404","2020","NE","BA","SANTA RITA DE CASSIA","8784"
"1405","2020","NE","BA","CORRENTINA","8784"
"1406","2020","NE","BA","BOM JESUS DA LAPA","8784"
"1407","2020","NE","BA","ABROLHOS","8784"
"1408","2020","NE","BA","REMANSO","8784"
"1409","2020","NE","BA","IRECE","8784"
"1410","2020","NE","BA","LENCOIS","8784"
"1411","2020","NE","BA","GUANAMBI","8784"
"1412","2020","NE","BA","PORTO SEGURO","8784"
"1413","2020","NE","BA","SENHOR DO BONFIM","8784"
"1414","2020","NE","BA","BARRA","8784"
"1415","2020","NE","BA","PIATA","8784"
"1416","2020","NE","BA","CONDE","8784"
"1417","2020","NE","BA","BURITIRAMA","8784"
"1418","2020","NE","BA","BRUMADO","8784"
"1419","2020","NE","BA","AMARGOSA","8784"
"1420","2020","NE","BA","UAUA","8784"
"1421","2020","NE","BA","QUEIMADAS","8784"
"1422","2020","NE","BA","UNA","8784"
"1423","2020","NE","BA","MARAU","8784"
"1424","2020","NE","BA","IBOTIRAMA","8784"
"1425","2020","NE","BA","JACOBINA","8784"
"1426","2020","NE","BA","SERRINHA","8784"
"1427","2020","NE","BA","EUCLIDES DA CUNHA","8784"
"1428","2020","NE","BA","DELFINO","8784"
"1429","2020","NE","BA","VALENCA","8784"
"1430","2020","NE","BA","IPIAU","8784"
"1431","2020","NE","BA","ITAPETINGA","8784"
"1432","2020","NE","BA","BELMONTE","8784"
"1433","2020","NE","BA","CURACA","8784"
"1434","2020","NE","BA","PILAO ARCADO","8784"
"1435","2020","NE","BA","JEREMOABO","8784"
"1436","2020","NE","BA","FORMOSO DO RIO PRETO","8784"
"1437","2020","NE","BA","ITAMARAJU","8784"
"1438","2020","NE","BA","SALVADOR (RADIO FAROL)","8784"
"1439","2020","NE","BA","RIBEIRA DO AMPARO","8784"
"1440","2020","NE","CE","FORTALEZA","8784"
"1441","2020","NE","CE","SOBRAL","8784"
"1442","2020","NE","CE","GUARAMIRANGA","8784"
"1443","2020","NE","CE","BARBALHA","8784"
"1444","2020","NE","CE","IGUATU","8784"
"1445","2020","NE","CE","TAUA","8784"
"1446","2020","NE","CE","QUIXERAMOBIM","8784"
"1447","2020","NE","CE","MORADA NOVA","8784"
"1448","2020","NE","CE","JAGUARUANA","8784"
"1449","2020","NE","CE","CRATEUS","8784"
"1450","2020","NE","CE","CAMPOS SALES","8784"
"1451","2020","NE","CE","JAGUARIBE","8784"
"1452","2020","NE","CE","ITAPIPOCA","8784"
"1453","2020","NE","CE","ACARAU","8784"
"1454","2020","NE","CE","TIANGUA","8784"
"1455","2020","NE","CE","QUIXADA","8784"
"1456","2020","NE","MA","SAO LUIS","8784"
"1457","2020","NE","MA","BALSAS","8784"
"1458","2020","NE","MA","CAROLINA","8784"
"1459","2020","NE","MA","CHAPADINHA","8784"
"1460","2020","NE","MA","GRAJAU","8784"
"1461","2020","NE","MA","FAROL de SANTANA","8784"
"1462","2020","NE","MA","PREGUICAS","8784"
"1463","2020","NE","MA","TURIACU","8784"
"1464","2020","NE","MA","BACABAL","8784"
"1465","2020","NE","MA","BARRA DO CORDA","8784"
"1466","2020","NE","MA","COLINAS","8784"
"1467","2020","NE","MA","ALTO PARNAIBA","8784"
"1468","2020","NE","MA","ESTREITO","8784"
"1469","2020","NE","MA","IMPERATRIZ","8784"
"1470","2020","NE","MA","CAXIAS","8784"
"1471","2020","NE","MA","BURITICUPU","8784"
"1472","2020","NE","MA","ZE DOCA","8784"
"1473","2020","NE","PB","AREIA","8784"
"1474","2020","NE","PB","CAMPINA GRANDE","8784"
"1475","2020","NE","PB","JOAO PESSOA","8784"
"1476","2020","NE","PB","PATOS","8784"
"1477","2020","NE","PB","SAO GONCALO","8784"
"1478","2020","NE","PB","MONTEIRO","8784"
"1479","2020","NE","PB","CABACEIRAS","8784"
"1480","2020","NE","PB","CAMARATUBA","8784"
"1481","2020","NE","PB","ITAPORANGA","8784"
"1482","2020","NE","PE","RECIFE","8784"
"1483","2020","NE","PE","PETROLINA","8784"
"1484","2020","NE","PE","ARCO VERDE","8784"
"1485","2020","NE","PE","GARANHUNS","8784"
"1486","2020","NE","PE","SURUBIM","8784"
"1487","2020","NE","PE","CABROBO","8784"
"1488","2020","NE","PE","CARUARU","8784"
"1489","2020","NE","PE","IBIMIRIM","8784"
"1490","2020","NE","PE","SERRA TALHADA","8784"
"1491","2020","NE","PE","FLORESTA","8784"
"1492","2020","NE","PE","PALMARES","8784"
"1493","2020","NE","PE","OURICURI","8784"
"1494","2020","NE","PE","SALGUEIRO","8784"
"1495","2020","NE","PI","PARNAIBA","8784"
"1496","2020","NE","PI","FLORIANO","8784"
"1497","2020","NE","PI","TERESINA","8784"
"1498","2020","NE","PI","BOM JESUS DO PIAUI","8784"
"1499","2020","NE","PI","PAULISTANA","8784"
"1500","2020","NE","PI","SAO JOAO DO PIAUI","8784"
"1501","2020","NE","PI","PIRIPIRI","8784"
"1502","2020","NE","PI","ALVORADA DO GURGUEIA","8784"
"1503","2020","NE","PI","CARACOL","8784"
"1504","2020","NE","PI","PICOS","8784"
"1505","2020","NE","PI","SAO RAIMUNDO NONATO","8784"
"1506","2020","NE","PI","URUCUI","8784"
"1507","2020","NE","PI","OEIRAS","8784"
"1508","2020","NE","PI","CASTELO DO PIAUI","8784"
"1509","2020","NE","PI","VALENCA DO PIAUI","8784"
"1510","2020","NE","PI","GILBUES","8784"
"1511","2020","NE","PI","CANTO DO BURITI","8784"
"1512","2020","NE","PI","CORRENTE","8784"
"1513","2020","NE","PI","BAIXA GRANDE DO RIBEIRO","8784"
"1514","2020","NE","PI","CAMPO MAIOR","8784"
"1515","2020","NE","PI","ANGICAL DO PIAUI","8784"
"1516","2020","NE","RN","ARQ.SAO PEDRO E SAO PAULO","8784"
"1517","2020","NE","RN","NATAL","8784"
"1518","2020","NE","RN","CAICO","8784"
"1519","2020","NE","RN","MACAU","8784"
"1520","2020","NE","RN","MOSSORO","8784"
"1521","2020","NE","RN","APODI","8784"
"1522","2020","NE","RN","CALCANHAR","8784"
"1523","2020","NE","RN","SANTA CRUZ","8784"
"1524","2020","NE","RN","IPANGUACU","8784"
"1525","2020","NE","SE","ARACAJU","8784"
"1526","2020","NE","SE","ITABAIANINHA","8784"
"1527","2020","NE","SE","POCO VERDE","8784"
"1528","2020","NE","SE","CARIRA","8784"
"1529","2020","NE","SE","BREJO GRANDE","8784"
"1530","2020","NE","SE","ITABAIANA","8784"
"1531","2020","NE","SE","NOSSA SENHORA DA GLORIA","8784"
"1532","2020","S","PR","CURITIBA","8784"
"1533","2020","S","PR","IVAI","8784"
"1534","2020","S","PR","CASTRO","8784"
"1535","2020","S","PR","MAL. CANDIDO RONDON","8784"
"1536","2020","S","PR","JOAQUIM TAVORA","8784"
"1537","2020","S","PR","NOVA TEBAS","8784"
"1538","2020","S","PR","INACIO MARTINS","8784"
"1539","2020","S","PR","ICARAIMA","8784"
"1540","2020","S","PR","GOIOERE","8784"
"1541","2020","S","PR","MARINGA","8784"
"1542","2020","S","PR","NOVA FATIMA","8784"
"1543","2020","S","PR","DOIS VIZINHOS","8784"
"1544","2020","S","PR","FOZ DO IGUACU","8784"
"1545","2020","S","PR","DIAMANTE DO NORTE","8784"
"1546","2020","S","PR","PARANAPOEMA","8784"
"1547","2020","S","PR","PLANALTO","8784"
"1548","2020","S","PR","CIDADE GAUCHA","8784"
"1549","2020","S","PR","JAPIRA","8784"
"1550","2020","S","PR","VENTANIA","8784"
"1551","2020","S","PR","MORRETES","8784"
"1552","2020","S","PR","SAO MATEUS DO SUL","8784"
"1553","2020","S","PR","GENERAL CARNEIRO","8784"
"1554","2020","S","PR","CLEVELANDIA","8784"
"1555","2020","S","PR","CAMPINA DA LAGOA","8784"
"1556","2020","S","PR","LARANJEIRAS DO SUL","8784"
"1557","2020","S","PR","COLOMBO","8784"
"1558","2020","S","RS","PORTO ALEGRE","8784"
"1559","2020","S","RS","RIO GRANDE","8784"
"1560","2020","S","RS","SANTA MARIA","8784"
"1561","2020","S","RS","SANTANA DO LIVRAMENTO","8784"
"1562","2020","S","RS","SANTO AUGUSTO","8784"
"1563","2020","S","RS","TORRES","8784"
"1564","2020","S","RS","URUGUAIANA","8784"
"1565","2020","S","RS","SANTA ROSA","8784"
"1566","2020","S","RS","CANGUCU","8784"
"1567","2020","S","RS","CACAPAVA DO SUL","8784"
"1568","2020","S","RS","RIO PARDO","8784"
"1569","2020","S","RS","ALEGRETE","8784"
"1570","2020","S","RS","BAGE","8784"
"1571","2020","S","RS","ERECHIM","8784"
"1572","2020","S","RS","SAO JOSE DOS AUSENTES","8784"
"1573","2020","S","RS","SAO BORJA","8784"
"1574","2020","S","RS","QUARAI","8784"
"1575","2020","S","RS","SAO GABRIEL","8784"
"1576","2020","S","RS","SANTIAGO","8784"
"1577","2020","S","RS","TRAMANDAI","8784"
"1578","2020","S","RS","JAGUARAO","8784"
"1579","2020","S","RS","SOLEDADE","8784"
"1580","2020","S","RS","CAMAQUA","8784"
"1581","2020","S","RS","PASSO FUNDO","8784"
"1582","2020","S","RS","BENTO GONCALVES","8784"
"1583","2020","S","RS","LAGOA VERMELHA","8784"
"1584","2020","S","RS","SAO LUIZ GONZAGA","8784"
"1585","2020","S","RS","CRUZ ALTA","8784"
"1586","2020","S","RS","FREDERICO WESTPHALEN","8784"
"1587","2020","S","RS","PALMEIRA DAS MISSOES","8784"
"1588","2020","S","RS","MOSTARDAS","8784"
"1589","2020","S","RS","CANELA","8784"
"1590","2020","S","RS","VACARIA","8784"
"1591","2020","S","RS","DOM PEDRITO","8784"
"1592","2020","S","RS","TEUTONIA","8784"
"1593","2020","S","RS","IBIRUBA","8784"
"1594","2020","S","RS","CAMPO BOM","8784"
"1595","2020","S","RS","TUPANCIRETA","8784"
"1596","2020","S","RS","CAPAO DO LEAO (PELOTAS)","8784"
"1597","2020","S","RS","SAO VICENTE DO SUL","8784"
"1598","2020","S","RS","ENCRUZILHADA DO SUL","8784"
"1599","2020","S","RS","SERAFINA CORREA","8784"
"1600","2020","S","RS","CAMBARA DO SUL","8784"
"1601","2020","S","RS","Santa Vitoria do Palmar - Barra do Chui","8784"
"1602","2020","S","SC","FLORIANOPOLIS","8784"
"1603","2020","S","SC","URUSSANGA","8784"
"1604","2020","S","SC","SAO JOAQUIM","8784"
"1605","2020","S","SC","NOVO HORIZONTE","8784"
"1606","2020","S","SC","INDAIAL","8784"
"1607","2020","S","SC","JOACABA","8784"
"1608","2020","S","SC","BOM JARDIM DA SERRA - MORRO DA IGREJA","8784"
"1609","2020","S","SC","DIONISIO CERQUEIRA","8784"
"1610","2020","S","SC","ITAPOA","8784"
"1611","2020","S","SC","SAO MIGUEL DO OESTE","8784"
"1612","2020","S","SC","XANXERE","8784"
"1613","2020","S","SC","CACADOR","8784"
"1614","2020","S","SC","CURITIBANOS","8784"
"1615","2020","S","SC","RIO DO CAMPO","8784"
"1616","2020","S","SC","RIO NEGRINHO","8784"
"1617","2020","S","SC","ITUPORANGA","8784"
"1618","2020","S","SC","MAJOR VIEIRA","8784"
"1619","2020","S","SC","LAGES","8784"
"1620","2020","S","SC","Laguna  - Farol de Santa Marta","8784"
"1621","2020","S","SC","ARARANGUA","8784"
"1622","2020","S","SC","ITAJAI","8784"
"1623","2020","S","SC","RANCHO QUEIMADO","8784"
"1624","2020","S","SC","CHAPECO","8784"
"1625","2020","S","SC","CAMPOS NOVOS","8784"
"1626","2020","SE","ES","VITORIA","8784"
"1627","2020","SE","ES","SANTA TERESA","8784"
"1628","2020","SE","ES","LINHARES","8784"
"1629","2020","SE","ES","ALFREDO CHAVES","8784"
"1630","2020","SE","ES","SAO MATEUS","8784"
"1631","2020","SE","ES","ALEGRE","8784"
"1632","2020","SE","ES","PRES. KENNEDY","8784"
"1633","2020","SE","ES","NOVA VENECIA","8784"
"1634","2020","SE","ES","ECOPORANGA","8784"
"1635","2020","SE","ES","MARILANDIA","8784"
"1636","2020","SE","ES","VENDA NOVA DO IMIGRANTE","8784"
"1637","2020","SE","ES","VILA VELHA","8784"
"1638","2020","SE","ES","AFONSO CLAUDIO","8784"
"1639","2020","SE","MG","BARBACENA","8784"
"1640","2020","SE","MG","ARAXA","8784"
"1641","2020","SE","MG","MONTES CLAROS","8784"
"1642","2020","SE","MG","UBERLANDIA","8784"
"1643","2020","SE","MG","ALMENARA","8784"
"1644","2020","SE","MG","MONTE VERDE","8784"
"1645","2020","SE","MG","VICOSA","8784"
"1646","2020","SE","MG","TIMOTEO","8784"
"1647","2020","SE","MG","ITUIUTABA","8784"
"1648","2020","SE","MG","OURO BRANCO","8784"
"1649","2020","SE","MG","SAO JOAO DEL REI","8784"
"1650","2020","SE","MG","VARGINHA","8784"
"1651","2020","SE","MG","PASSOS","8784"
"1652","2020","SE","MG","MURIAE","8784"
"1653","2020","SE","MG","JUIZ DE FORA","8784"
"1654","2020","SE","MG","CAMPINA VERDE","8784"
"1655","2020","SE","MG","CONCEICAO DAS ALAGOAS","8784"
"1656","2020","SE","MG","PAMPULHA","8784"
"1657","2020","SE","MG","SERRA DOS AIMORES","8784"
"1658","2020","SE","MG","PATROCINIO","8784"
"1659","2020","SE","MG","FORMIGA","8784"
"1660","2020","SE","MG","SACRAMENTO","8784"
"1661","2020","SE","MG","MONTALVANIA","8784"
"1662","2020","SE","MG","TEOFILO OTONI","8784"
"1663","2020","SE","MG","TRES MARIAS","8784"
"1664","2020","SE","MG","PASSA QUATRO","8784"
"1665","2020","SE","MG","CALDAS","8784"
"1666","2020","SE","MG","MARIA DA FE","8784"
"1667","2020","SE","MG","GOVERNADOR VALADARES","8784"
"1668","2020","SE","MG","GUANHAES","8784"
"1669","2020","SE","MG","AIMORES","8784"
"1670","2020","SE","MG","FLORESTAL","8784"
"1671","2020","SE","MG","DORES DO INDAIA","8784"
"1672","2020","SE","MG","DIAMANTINA","8784"
"1673","2020","SE","MG","CURVELO","8784"
"1674","2020","SE","MG","MOCAMBINHO","8784"
"1675","2020","SE","MG","MANTENA","8784"
"1676","2020","SE","MG","CAPELINHA","8784"
"1677","2020","SE","MG","UNAI","8784"
"1678","2020","SE","MG","ESPINOSA","8784"
"1679","2020","SE","MG","BURITIS","8784"
"1680","2020","SE","MG","PIRAPORA","8784"
"1681","2020","SE","MG","GUARDA-MOR","8784"
"1682","2020","SE","MG","SAO ROMAO","8784"
"1683","2020","SE","MG","CHAPADA GAUCHA","8784"
"1684","2020","SE","MG","AGUAS VERMELHAS","8784"
"1685","2020","SE","MG","ITAOBIM","8784"
"1686","2020","SE","MG","RIO PARDO DE MINAS","8784"
"1687","2020","SE","MG","SALINAS","8784"
"1688","2020","SE","MG","JOAO PINHEIRO","8784"
"1689","2020","SE","MG","CARATINGA","8784"
"1690","2020","SE","MG","IBIRITE (ROLA MOCA)","8784"
"1691","2020","SE","MG","MANHUACU","8784"
"1692","2020","SE","MG","CORONEL PACHECO","8784"
"1693","2020","SE","MG","JANUARIA","8784"
"1694","2020","SE","MG","SAO SEBASTIAO DO PARAISO","8784"
"1695","2020","SE","MG","PATOS DE MINAS","8784"
"1696","2020","SE","MG","JANAUBA","8784"
"1697","2020","SE","MG","DIVINOPOLIS","8784"
"1698","2020","SE","MG","BAMBUI","8784"
"1699","2020","SE","MG","ARACUAI","8784"
"1700","2020","SE","MG","MACHADO","8784"
"1701","2020","SE","MG","UBERABA","8784"
"1702","2020","SE","MG","SETE LAGOAS","8784"
"1703","2020","SE","MG","OLIVEIRA","8784"
"1704","2020","SE","MG","PARACATU","8784"
"1705","2020","SE","MG","BELO HORIZONTE - CERCADINHO","8784"
"1706","2020","SE","RJ","SEROPEDICA-ECOLOGIA AGRICOLA","8784"
"1707","2020","SE","RJ","RIO DE JANEIRO-MARAMBAIA","8784"
"1708","2020","SE","RJ","DUQUE DE CAXIAS - XEREM","8784"
"1709","2020","SE","RJ","CAMBUCI","8784"
"1710","2020","SE","RJ","ARRAIAL DO CABO","8784"
"1711","2020","SE","RJ","CAMPOS DOS GOYTACAZES","8784"
"1712","2020","SE","RJ","MACAE","8784"
"1713","2020","SE","RJ","RESENDE","8784"
"1714","2020","SE","RJ","PICO DO COUTO","8784"
"1715","2020","SE","RJ","VALENCA","8784"
"1716","2020","SE","RJ","TERESOPOLIS-PARQUE NACIONAL","8784"
"1717","2020","SE","RJ","PARATI","8784"
"1718","2020","SE","RJ","CAMPOS DOS GOYTACAZES - SAO TOME","8784"
"1719","2020","SE","RJ","RIO DE JANEIRO - VILA MILITAR","8784"
"1720","2020","SE","RJ","NOVA FRIBURGO - SALINAS","8784"
"1721","2020","SE","RJ","TRES RIOS","8784"
"1722","2020","SE","RJ","RIO CLARO","8784"
"1723","2020","SE","RJ","NITEROI","8784"
"1724","2020","SE","RJ","ANGRA DOS REIS","8784"
"1725","2020","SE","RJ","CARMO","8784"
"1726","2020","SE","RJ","SANTA MARIA MADALENA","8784"
"1727","2020","SE","RJ","ITATIAIA","8784"
"1728","2020","SE","RJ","RIO DE JANEIRO - JACAREPAGUA","8784"
"1729","2020","SE","RJ","RIO DE JANEIRO - FORTE DE COPACABANA","8784"
"1730","2020","SE","RJ","SILVA JARDIM","8784"
"1731","2020","SE","RJ","SAQUAREMA - SAMPAIO CORREIA","8784"
"1732","2020","SE","SP","SAO PAULO - MIRANTE","8784"
"1733","2020","SE","SP","BAURU","8784"
"1734","2020","SE","SP","CAMPOS DO JORDAO","8784"
"1735","2020","SE","SP","PRESIDENTE PRUDENTE","8784"
"1736","2020","SE","SP","FRANCA","8784"
"1737","2020","SE","SP","SAO CARLOS","8784"
"1738","2020","SE","SP","IGUAPE","8784"
"1739","2020","SE","SP","SOROCABA","8784"
"1740","2020","SE","SP","ITAPEVA","8784"
"1741","2020","SE","SP","SAO MIGUEL ARCANJO","8784"
"1742","2020","SE","SP","OURINHOS","8784"
"1743","2020","SE","SP","RANCHARIA","8784"
"1744","2020","SE","SP","AVARE","8784"
"1745","2020","SE","SP","PIRACICABA","8784"
"1746","2020","SE","SP","LINS","8784"
"1747","2020","SE","SP","TAUBATE","8784"
"1748","2020","SE","SP","VOTUPORANGA","8784"
"1749","2020","SE","SP","JALES","8784"
"1750","2020","SE","SP","VALPARAISO","8784"
"1751","2020","SE","SP","JOSE BONIFACIO","8784"
"1752","2020","SE","SP","ARIRANHA","8784"
"1753","2020","SE","SP","IBITINGA","8784"
"1754","2020","SE","SP","CASA BRANCA","8784"
"1755","2020","SE","SP","ITAPIRA","8784"
"1756","2020","SE","SP","SAO LUIS DO PARAITINGA","8784"
"1757","2020","SE","SP","BARRA BONITA","8784"
"1758","2020","SE","SP","BRAGANCA PAULISTA","8784"
"1759","2020","SE","SP","BARRA DO TURVO","8784"
"1760","2020","SE","SP","PRADOPOLIS","8784"
"1761","2020","SE","SP","BARRETOS","8784"
"1762","2020","SE","SP","ITUVERAVA","8784"
"1763","2020","SE","SP","BARUERI","8784"
"1764","2020","SE","SP","DRACENA","8784"
"1765","2020","SE","SP","MARILIA","8784"
"1766","2020","SE","SP","BEBDOURO","8784"
"1767","2020","SE","SP","BERTIOGA","8784"
"1768","2020","SE","SP","REGISTRO","8784"
"1769","2020","SE","SP","SAO SEBASTIAO","8784"
"1770","2020","SE","SP","TUPA","8784"
"1771","2020","SE","SP","CACHOEIRA PAULISTA","8784"
"1772","2020","SE","SP","SAO SIMAO","8784"
"1773","2020","SE","SP","SAO PAULO - INTERLAGOS","8784"
"1774","2020","SE","SP","CRIOSFERA","8784"
